2756;F;1997-12-11;Merralee;Valenka;Rivilis;Croisdall
2610;F;1970-01-05;Amargo;Vivien;Phillpotts;Bulward
3102;M;1997-08-30;Mitch;Perkin;Arndell;Mayger
3481;M;1990-12-05;Meryl;Dorie;Sibbert;Dominique
3833;M;1995-10-04;Harwilll;Ivan;Weepers;Hampton
2698;F;1982-01-10;Tammie;Shoshana;Pfeuffer;Aucock
2378;F;1971-11-26;Birgitta;Patrica;Pethrick;Lejeune
3454;M;2000-08-28;Edouard;Alastair;Foxworthy;Spaight
2842;F;1976-10-16;Van;Bertine;Parsell;Chewter
2901;F;2000-02-13;Patsy;Juieta;Ballard;Leyes
2627;F;1976-07-12;George;Janean;Snarr;Getty
3015;M;2000-07-13;Kent;Findlay;Reinhard;Syer
3339;M;1993-04-13;Kennith;Jerome;Fairbourne;Temblett
3233;M;1974-07-08;Moises;Obadiah;Dingsdale;Ledgley
2710;F;1999-09-25;Celisse;Nicolette;Caldecutt;Speir
2972;F;1977-02-04;Noami;Rahal;Tutchings;Davies
3523;M;1993-12-08;Sherwood;Kareem;Sennett;Jessep
2503;F;1995-04-24;Tess;Jacquenetta;Kindall;Matejovsky
3691;M;1995-08-02;Ward;Galvan;Nester;Hilland
2282;F;1986-02-20;Tiffie;Dannie;McComiskey;Polycote
2855;F;2004-12-16;Alexine;Venus;Patrickson;MacPadene
2679;F;1987-01-29;Eolanda;Gloria;Goldup;Pawlick
2580;F;1990-08-04;Reine;Eddi;Hoofe;Roches
2900;F;1989-03-08;Sela;Judie;Plumridege;Tomsen
3811;M;1981-06-24;Nicko;Darb;O'Neal;Eitter
2355;F;1998-06-15;Nerta;Annamaria;Mandel;Castello
2682;F;1989-07-20;Coriss;Kally;Boor;Desaur
2497;F;2004-12-25;Tildie;Barbi;Inston;Sheringham
2393;F;2004-03-13;Verile;Cymbre;Picardo;Hully
2214;F;1979-05-04;Deb;Gilda;Meyer;Penwarden
2765;F;2005-01-02;Kimberli;Kellie;Sheed;Dodsworth
3593;M;1980-01-31;Sammie;Vaughan;Probbings;Thickens
2289;F;2004-07-09;Babbie;Averyl;Freshwater;Stratton
2863;F;1977-05-23;Jennie;Karol;Cluet;Kohlerman
2926;F;2001-06-24;Alli;Merrielle;Raw;Trenouth
2889;F;1989-03-20;Sonni;Belva;Eadie;Wickersham
2453;F;2000-12-18;Mehetabel;Natasha;Schiementz;Van der Daal
3837;M;1975-09-06;Faber;Salomo;Cerro;Waulker
2744;F;1996-05-27;Marybelle;Charyl;Crommett;Copson
2657;F;1980-07-11;Haleigh;Missy;Eagell;Griffitts
2181;F;1986-10-10;Janice;Melisent;Zienkiewicz;Probbings
2092;F;2001-03-20;Norah;Letitia;Frandsen;Bickerdyke
3012;M;1975-09-19;Randie;Herman;Halliberton;Lovemore
2793;F;2000-02-17;Corine;Lydie;Lourens;Le Gall
2548;F;1978-10-07;Sharity;Michaela;Burren;Leyton
2773;F;1991-06-19;Kacie;Claudie;Dragonette;Handling
3556;M;1989-02-24;Kinsley;Wyatan;Eric;Skep
3991;M;1980-05-29;Meir;Duffy;McEnhill;McMillan
2233;F;1997-06-12;Dee dee;Felecia;Molohan;Habbergham
3205;M;1982-01-04;Carce;Bertram;MacGuigan;Brobyn
2428;F;1973-01-12;Katine;Rubina;Wisker;Mc Giffin
3649;M;1987-11-20;Christoffer;Dieter;Readshall;Branton
3395;M;1979-08-26;Giles;Nikolaos;Biesterfeld;Bennit
2222;F;1990-01-01;Samara;Jeannine;Gazzard;Newbegin
3359;M;2003-08-20;Isadore;Hamel;Cobbledick;Atwater
2913;F;1976-07-04;Haley;Nadeen;Tulloch;Douthwaite
3592;M;1991-04-26;Killy;Perice;Peppard;Betts
2229;F;2004-11-20;Karel;Kathryne;Alywen;Brisard
2994;F;1974-12-27;Star;Joceline;Littledyke;Masser
3613;M;1972-11-17;Lancelot;Iorgo;Mariot;Pimblott
3702;M;1987-11-21;Munmro;Wernher;Coping;Clemon
2147;F;2005-07-20;Mil;Nananne;Riccione;McKeller
3310;M;1975-03-30;Egan;Yuma;Cornelis;Pryce
2556;F;1983-04-27;Valma;Darla;Phettis;Denisovich
3917;M;1972-02-08;Gabe;Lewiss;Sleight;Bethune
3859;M;1996-10-15;Berkley;Tuckie;Stoke;Rawlison
3994;M;1986-09-16;Nicolis;Hasheem;Leythley;Hablet
3409;M;1976-11-05;Faber;Elia;Anfossi;Whybrow
3089;M;1998-07-25;Finn;Demetre;Oldknow;Dominguez
3797;M;1992-07-01;Caspar;Gaelan;Goldthorp;Biesty
2999;F;1971-03-30;April;Jocelyn;Doucette;Lewinton
2705;F;1999-07-20;Valentine;Kare;Felderer;Yve
3951;M;1994-12-23;Matthiew;Bartlet;Tuohy;Pirri
2945;F;1998-11-12;Sonja;Goldina;Girvan;Pidwell
3950;M;1974-04-11;Aldis;Yale;Edison;Davy
2713;F;1981-05-31;Trudi;Minta;Cicchillo;Shallcroff
3645;M;1974-06-09;Leon;Andres;Hugnet;Schistl
3667;M;1983-07-05;Jayme;Pieter;Childerley;Landeaux
3282;M;2003-04-30;Bronnie;Jase;Kumar;Iannuzzi
2902;F;1978-03-29;Helenka;Tommi;Percival;Davidsen
2527;F;1979-10-15;Ninon;Leonanie;McCory;Pardy
2443;F;1989-06-26;Silvana;Ede;Jakoubec;Whetland
2260;F;1996-04-04;Jade;Devonna;Birden;Gjerde
3659;M;1977-05-28;Carlyle;Winn;Hammonds;Treby
3525;M;1989-01-01;Hyman;Gregor;Gravells;Marrian
3071;M;1988-07-07;Morry;Marc;LLelweln;Kniveton
3366;M;1995-10-02;Randell;Thibaut;Emes;Carlyon
2876;F;2003-01-05;Nani;Bethanne;Peerman;Baddam
2478;F;1996-05-16;Lauryn;Nerte;Guslon;Bampton
3064;M;1970-12-23;Wakefield;Kort;Watkiss;Dugald
3756;M;1987-07-04;Rab;Briano;Andrus;Sleit
2857;F;1999-05-31;Brigitte;Cassie;Stanning;Petz
2872;F;1994-08-02;Jessalin;Annadiana;Van Castele;Beddon
2907;F;1981-06-15;Alexis;Sofia;Lansberry;Osmint
3620;M;1997-10-26;Eugenio;Jammal;Twelvetree;Jeram
2384;F;2003-01-19;Andria;Oralla;Staten;Shovlin
3470;M;1982-02-03;Shepard;Raleigh;Saban;Hills
2080;F;1982-01-20;Lexy;Ruthie;Cowpertwait;Labitt
3271;M;1970-01-28;Howard;Walker;De Souza;Moffett
2307;F;1990-01-29;La verne;Marsiella;Lidgely;Hlavac
3465;M;2003-10-21;Orlando;Fairleigh;McClinton;Stutter
3166;M;2005-01-09;Ambros;Gage;Dunkerley;Walkden
2795;F;1998-07-18;Leone;Shea;Ivery;Hearsey
2535;F;2005-12-01;Zuzana;Mariquilla;Guenther;Ling
2098;F;2004-04-27;Cissiee;Vickie;Worman;McRannell
3313;M;1996-08-18;Corty;Toddie;Keedwell;Lembcke
2634;F;1987-06-03;Lauralee;Anatola;Tellenbrook;Bertolaccini
3793;M;1978-09-04;Marcel;Ezequiel;Klemke;Dannel
3552;M;1975-05-18;Bondon;Brit;Phillott;McCotter
3419;M;1975-08-24;Zacharias;Hinze;Reckless;Vogeler
3397;M;1975-12-03;Hussein;Ronnie;Romanini;Merwood
3495;M;1997-02-17;Marco;Pavel;Lauthian;Twigg
3127;M;1982-09-27;Moses;Amery;Reedshaw;Chasteney
3721;M;1984-06-17;Carlie;Baron;Strephan;MacLice
2899;F;1993-03-20;Joanie;Marlena;Tremollet;Moakler
3603;M;1983-07-10;Reinaldo;Tamas;Crighton;Parman
3974;M;1979-04-06;Anton;Horst;Margett;Mains
3009;M;1980-12-02;Isidor;Buddy;Lafontaine;Eddicott
2988;F;1999-03-14;Mair;Lorette;Berrisford;McCleverty
2655;F;1996-05-30;Koral;Selma;Thombleson;Gilvear
2073;F;1978-08-15;Cordula;Fleurette;Downgate;Dikles
2914;F;1972-02-27;Tanhya;Gisella;Moriarty;Saddleton
3423;M;1971-05-03;Earl;Zed;Gough;Juanes
3171;M;1978-08-31;Taddeo;Patrice;Eastcott;Voas
2630;F;1994-12-08;Elicia;Jewel;Garnham;Oxlade
2825;F;1976-10-18;Margie;Suzie;Skuse;Weed
2523;F;2002-04-11;Zabrina;Shawna;Piff;Qualtrough
2511;F;1979-01-30;Allsun;Danette;Oats;Itzhayek
2833;F;1981-07-06;Remy;Stefania;Smy;Cawcutt
3254;M;2001-06-11;Hoebart;Caddric;Hallgarth;Mosten
3638;M;2001-07-30;Sheffield;Hughie;Martel;Dunstall
2894;F;1983-08-30;Valentina;Edna;Kinsell;Hanstock
2239;F;1986-05-01;Nani;Robby;Geratasch;Wickey
2520;F;1979-04-05;Geri;Zea;Neasham;Pepye
3345;M;1975-05-09;Dexter;Edmund;Lineker;Elies
2719;F;1974-05-14;Bobbe;Noami;Vernau;Spearett
2981;F;1987-06-22;Alisun;Lynnett;Chevins;Hurtado
2093;F;1981-10-09;Daisi;Lin;Corish;Gartsyde
3347;M;1980-05-14;Myca;Inglebert;Menico;Wraggs
3901;M;1974-06-25;Osbourne;Delaney;Guerola;Jecks
3631;M;1989-04-06;Leo;Brander;Tytherton;Edyson
3598;M;2005-03-22;Lynn;Pieter;Abbots;Bignal
2300;F;1987-07-13;Dinny;Kimmi;Ivain;Cocks
2961;F;1989-07-18;Sharity;Madelle;Maylard;Aldersea
2468;F;2002-08-14;Anica;Rosmunda;Gudahy;Blowes
3305;M;1980-04-01;Webb;Dun;Scrane;Ginity
2953;F;1993-03-15;Winonah;Tamara;Ianniello;Pedrick
2190;F;1989-07-13;Dorena;Inna;Vosper;Kobelt
2528;F;1994-06-27;Orsola;Lynett;Derill;Orhtmann
3245;M;1998-06-20;Jory;Alford;Forlong;Northern
2517;F;1998-08-22;Lynette;Glori;Steaning;Jest
2261;F;1987-07-02;Eunice;Quintina;Doohan;Matyukon
2600;F;1989-09-22;Lonee;Natka;Collman;Yourell
3741;M;1987-02-14;Tamas;Chilton;Domegan;Laphorn
3061;M;1976-11-05;Timoteo;Clemens;Lemm;McCarney
2957;F;1975-04-23;Kylynn;Erin;Hargate;Sneesbie
3874;M;1993-11-20;Jimmie;Hershel;Wasielewicz;Olijve
3911;M;1994-01-28;Flemming;Cchaddie;Emmens;Englishby
2962;F;1979-09-22;Carlee;Davina;Branscombe;Garcia
2991;F;1984-04-28;Nomi;Rebekkah;Hazael;Dallywater
3010;M;1992-07-18;Hal;Dante;Bench;Coultar
3207;M;1985-08-10;Neddy;Winslow;Yuill;Gard
3461;M;1987-10-17;Andris;Ron;Gregh;Deval
2689;F;1980-10-14;Brigitta;Kiri;Boome;Keenlayside
3490;M;1986-12-20;Nickolaus;Garey;Barrass;Gleadhall
3581;M;1974-01-07;Giordano;Hugh;Sympson;McGahy
3024;M;1993-07-19;Paolo;Clevie;Lodder;McEttigen
2724;F;2002-06-22;Kerrie;Angelica;Mirfin;Trace
2032;F;1988-04-13;Leanor;Tamarra;Wadeling;McJury
3564;M;1987-01-31;Dylan;Phillipe;Murrigans;Pitfield
2365;F;1984-07-19;Christina;Darlleen;Mitkcov;Rowdell
3101;M;1985-10-15;Freeman;Rogers;Guisler;Mertsching
2071;F;1984-07-12;Kerrie;Adiana;Bugs;Lipmann
3018;M;2001-11-30;Fraser;Mike;Seel;Frend
3354;M;1995-05-19;Penrod;Don;Lidell;Seine
2954;F;1981-11-12;Tresa;Tilda;Purshouse;Poolman
3681;M;1973-10-19;Blake;Harvey;Gretton;Kyneton
3737;M;1997-04-10;Edan;Norton;Zanicchi;Gronno
3700;M;1984-09-14;Romain;Demetri;Westhofer;Millsap
3516;M;1990-05-18;Shay;Garald;Popping;Tawse
3497;M;1984-11-22;Alley;Rowney;Beasleigh;Towse
2027;F;1970-11-01;Ralina;Letta;Keeffe;Alenikov
3134;M;1972-01-07;Jessie;Any;Impey;Guiness
3766;M;1977-01-28;Harman;Leif;Hearnaman;Chatelain
3330;M;1989-01-13;Hew;Benedick;Ricards;Birkin
2761;F;1979-03-18;Trudey;Garnette;Lead;Holdron
2970;F;1987-02-28;Amy;Lana;Gabits;Iredell
3751;M;1971-06-22;Averell;Billie;Genny;Hugo
2977;F;1975-09-16;Elianora;Dela;Austing;Renneke
3343;M;1981-01-16;Floyd;Jayme;Catlin;Radborne
3258;M;2005-09-28;Wye;Dario;Rochester;Randalston
2711;F;1986-02-16;Tricia;Sukey;Gwilliams;Criple
3081;M;1984-06-12;Tim;Thorstein;Rowell;Gimber
3204;M;1982-04-04;Roddy;Benoit;Lenaghen;Sexstone
3821;M;1989-02-26;Nobie;Eldon;Gadesby;Leith-Harvey
3436;M;1981-10-21;Muffin;Nicolis;Jendrassik;McIlory
3606;M;1976-04-17;Ingram;Linoel;Bowld;Bachelar
3355;M;1982-03-28;Nickey;Herbie;Bickerton;Degoix
2198;F;1982-03-06;Nichole;Olympe;Kubyszek;Arter
3276;M;1990-11-26;Murdoch;Ring;Fairley;Fitzsymonds
3291;M;1977-11-28;Arlan;Hailey;Poad;Handy
3704;M;1977-09-22;Walton;Sauveur;Krysztowczyk;Cornwell
2318;F;1986-02-24;Rubie;Eliza;Bolte;Maypother
2251;F;1981-02-18;Vere;Debra;Klimko;Stillgoe
3918;M;1984-12-02;Hadlee;Rinaldo;Crafter;Wyre
2547;F;1997-01-26;Caitlin;Marianne;Allsupp;Nicholes
2081;F;2000-04-13;Whitney;Melinde;Robard;Lote
3947;M;2001-07-15;Uriel;Tait;Oppie;Wybern
3860;M;1990-03-25;Warde;Yvor;Finlry;Caskie
3385;M;1971-04-26;Alberto;Keane;Blemings;Rigmond
3275;M;1986-01-16;Matt;Urson;Charity;Alexsandrovich
2186;F;1977-08-02;Melisa;Nikoletta;Boustead;Bulch
2645;F;1995-11-24;Raina;Annabal;Bohlin;Gomes
3778;M;2002-04-07;Ogden;Ray;Billin;Sandford
3200;M;1995-01-13;Chaunce;Hoyt;Murkitt;d'Escoffier
2639;F;2001-05-14;Jamie;Neila;Paddle;Wingar
3514;M;1997-07-14;Giles;Silas;Wilby;Brixey
3021;M;1999-06-28;Lefty;Fabiano;Milan;Oxteby
3356;M;2000-04-17;Gaile;Phil;Eames;Leamon
2963;F;1979-05-01;Kizzie;Elisabeth;Roset;Poulgreen
2928;F;1981-09-23;Cally;Rosabel;Boughtflower;Fall
2399;F;2002-06-03;Darell;Rea;Dumingos;Rambadt
3494;M;1975-04-12;Pincus;Bartholomeus;Burgan;Gask
2672;F;1974-03-26;Maybelle;Marie;Bansal;Janauschek
2693;F;2005-05-31;Mariette;Chelsea;Ayres;Baise
2183;F;1978-06-27;Lonnie;Gavra;Drage;Trevett
3822;M;2003-09-11;Jacky;Bram;Feldmark;Eatock
3968;M;1987-06-10;Ludovico;Stearn;Dunsford;Wigley
2653;F;2005-09-27;Lil;Alexandrina;Ronaghan;Tilne
3364;M;1993-10-03;Kane;Sibyl;Deeble;Cockrell
2204;F;1988-12-15;Lillian;Celestina;Shury;Wapple
2329;F;1987-08-20;Sena;Shirline;Bottrell;Kohrding
3463;M;2001-03-31;Adrien;Reginald;Stoppard;Kristufek
2733;F;1986-04-06;Corrianne;Minny;Rennolds;Ingle
3110;M;1972-11-10;Cornie;Reginauld;Ourtic;Lemonby
3240;M;1998-11-29;Fabiano;Matteo;Greschke;Ketch
3854;M;1982-01-13;Kermy;Prince;Donaghy;Buchan
3609;M;1986-02-22;Bram;Eziechiele;Gazzard;Rudland
3484;M;2003-05-13;Noby;Jasen;George;Ewebank
2508;F;1983-11-08;Drucie;Jesselyn;Jozwik;Doncaster
2360;F;1995-08-12;Reeba;Karena;Durdle;Burgh
3337;M;1973-03-15;Abbe;Dallis;Lyosik;Iffe
3868;M;1972-09-23;Giordano;Niven;Dohr;Gallaway
2173;F;1997-10-24;Wandis;Anet;Yallowley;Denyakin
2906;F;2004-11-21;Elene;Sonnnie;Nesterov;Devorill
3992;M;2002-02-03;Patrizio;Peder;Alenichicov;Dominy
3614;M;1992-06-04;Christie;Cullie;Murrie;Shannahan
2742;F;1995-11-17;Georgeanna;Mirabel;Billings;Emburey
2732;F;1975-06-18;Arlee;Marcille;MacConnechie;Kinder
2712;F;1985-02-21;Correy;Selie;Carmody;Eagers
2776;F;1999-12-24;Maureene;Jolynn;Barti;Edmons
2320;F;1998-06-30;Valry;Alicia;Mellings;Faulds
2774;F;1972-03-07;Lucine;Judie;Sumnall;Ingyon
2061;F;1995-05-21;Maurise;Andreana;Kearney;Vasiltsov
2721;F;1972-04-28;Ammamaria;Jorey;Allonby;Bromige
2628;F;1998-09-29;Cissiee;Zondra;Benbrick;Backshell
2168;F;1979-02-23;Natassia;Rivi;Morratt;Standell
3455;M;1987-03-04;Devin;Esra;Peevor;Stidston
3156;M;1992-07-13;Uriel;Neill;Dulton;Perkinson
3858;M;1973-08-16;Pace;Franz;Rowsel;Bierman
2376;F;1996-05-27;Chrissy;Susanna;McDougal;Hollow
3487;M;1970-02-03;Meier;Rog;Grigori;McIlreavy
2244;F;2001-01-28;Myrna;Sissy;Maggiori;Philipp
2534;F;1970-01-09;Dedra;Cornelia;Immings;Style
2665;F;1972-06-25;Bibbie;Cal;Elsey;Andriulis
3186;M;1987-12-09;Hurlee;Far;Dole;Kimblin
2033;F;1974-06-08;Allison;Patricia;Wintle;Henningham
2171;F;1978-05-17;Ninnetta;Carla;Bearsmore;Holtaway
3500;M;2002-04-28;Francklin;Mozes;Cassells;Scotchbrook
3014;M;1989-02-11;Trenton;Taite;Astlet;Harrowsmith
2480;F;1994-06-03;Angil;Clio;Cogar;Voelker
3531;M;1977-02-13;Win;Lonnard;Lamble;Broseman
2965;F;1978-04-24;Lira;Maddy;Cuthbert;Suerz
2576;F;1986-12-27;Justinn;Ashley;Copperwaite;Neal
2717;F;2003-01-20;Melisse;Susy;Clucas;Lynock
3907;M;1988-04-09;Allard;Haydon;Churchill;Tinham
3554;M;1982-08-23;Lewes;Aksel;Galer;Bonde
2419;F;1984-03-22;Joellyn;Tamarah;Parsand;Liddington
3910;M;1978-06-17;Xymenes;Forster;Cuttelar;Forkan
2912;F;1991-06-27;Beckie;Zena;Symonds;Zecchini
2284;F;1996-12-26;Bridgette;Odelinda;Pilkinton;Winger
2389;F;1987-11-15;Elie;Kristan;MacGown;Bexley
3653;M;1979-04-07;Godard;Shelley;Ripping;Nardoni
2681;F;1982-07-11;Elka;Andriana;Lissandre;Dreier
3733;M;1975-08-15;Ryon;Marve;Naughton;Liepins
3091;M;1997-07-30;Humphrey;Berny;Berens;Evans
2502;F;1986-02-28;Carolyn;Sianna;Bottjer;McFaell
3711;M;2005-09-27;Yorke;Gregorius;Widdows;Buckel
3117;M;1981-10-26;Colan;Hart;Tothe;Dorgan
3210;M;1974-02-13;Giraud;Parsifal;Skelington;Dahlborg
3906;M;2001-12-15;Sayers;Wendall;Avrahamoff;Pimme
2057;F;1981-12-15;Jelene;Dorothea;Bewshire;Halley
3731;M;1981-09-19;Anders;Remus;McGinn;Patillo
2316;F;1988-03-03;Cherice;Minny;Baggot;MacAless
2312;F;1997-08-13;Mallissa;Aime;Benzi;Furlong
3215;M;1976-04-30;Fabio;Wernher;Rickman;Briars
2920;F;1988-02-15;Lyndsay;Peggy;Bazell;Poyser
3264;M;1994-11-25;Johnnie;Husein;Pointin;Arboin
3059;M;1993-11-16;Wilmer;Philip;Masurel;Hodinton
3135;M;1996-06-28;Kile;Rudolfo;Suttaby;Brigginshaw
3212;M;1985-03-20;Clevey;Kayne;Struss;Tills
3644;M;1984-11-23;Bronnie;Merv;Kerfoot;Cowope
3808;M;2000-05-10;Urbain;Shurwood;Bromby;Adrain
3180;M;1996-04-28;Hall;Kingston;Dobinson;Boulder
2481;F;1977-05-19;Zara;Jemima;Rummins;Tweede
3683;M;1991-09-15;Jonathan;Guido;Massow;Dadge
3424;M;1993-03-16;Evelin;Beaufort;Caseri;Whitmarsh
2182;F;1992-01-27;Viole;Silva;Aslen;Stanning
2324;F;1979-07-16;Neille;Drucie;Blackeby;Trawin
3557;M;2002-08-31;Ricardo;Roi;Rosenblatt;Dilley
2414;F;1992-09-21;Cristie;Bliss;Fleury;Bauer
3323;M;1979-07-12;Gayle;Domingo;Boxe;Meckiff
3894;M;1979-06-02;Boone;Justen;Sayton;Dyneley
2975;F;1992-10-30;Gnni;Martha;Moores;Schneider
3401;M;1978-05-28;Spense;Orin;Tricker;Dorgan
3767;M;1973-11-09;Drake;Wang;Durrett;Russilll
2108;F;1983-10-11;Gaylene;Rani;Woolmore;Rosander
2357;F;1970-06-17;Tessi;Florette;Manjot;Johnstone
3121;M;1986-06-30;Willey;Dalt;Gilling;Frantzeni
3558;M;1995-01-03;Frasco;Lowell;Spadazzi;Langstone
2040;F;1975-01-18;Callida;Shela;Noor;Biner
2587;F;1979-01-14;Sharon;Cinda;Shackesby;Stealy
2541;F;1999-09-30;Rodi;Tallou;Conaboy;Prattington
2949;F;2001-10-31;Christie;Cherida;Longforth;Bever
2637;F;1984-02-24;Brynne;Aurea;Olczyk;Firby
2006;F;2004-09-10;Amil;Bell;Rubinovici;Eminson
2941;F;1996-03-13;Saidee;Frannie;Favey;Yukhov
3008;M;1980-06-08;Wolf;Ody;Spedding;Tollfree
2822;F;2000-12-06;Charmine;Philly;Gasnell;Feltham
3413;M;1997-07-26;Jamil;Alasteir;Stoop;Davidou
2072;F;1986-02-28;Penny;Chrystal;Shreeve;Sutton
2145;F;1990-09-22;Jamie;Xena;Chittock;Chese
3779;M;1992-08-22;Forester;Josh;Mailey;Pecha
3924;M;1982-02-17;Shalom;Sol;Caldron;Gounard
2651;F;1982-06-09;Sheelah;Katie;Aspray;Moxon
3809;M;1978-06-05;Auberon;Fitz;Gudd;Hambribe
2466;F;1972-06-11;Helenelizabeth;Patrica;Aleksic;Das
3489;M;2003-10-03;Sheffie;Garrik;Smeaton;Ralphs
2676;F;1976-10-20;Cathyleen;Desiree;Toler;Averies
2887;F;2005-04-04;Rois;Kellina;Tackes;Billing
2942;F;1992-09-08;Jillene;Anestassia;Dyka;Fincke
2178;F;1982-09-30;George;Brigitte;Hairyes;West
3840;M;2000-08-16;Cordy;Merrel;Sclater;Kiff
2495;F;1996-12-19;Liane;Glenna;Canfield;Fransseni
2003;F;1972-02-24;Jeri;Xenia;Pharro;Polack
2781;F;2002-12-09;Kristina;Loreen;Moorman;Dukelow
3169;M;2002-06-22;Fran;Lodovico;Beceril;MacCracken
2504;F;2003-07-13;Belvia;Glennis;Crudge;Choke
3252;M;1995-05-14;Falkner;Merle;Crawshaw;Fishbourn
3660;M;1982-07-11;Christie;Jereme;Basset;Seal
2613;F;1992-06-01;Alfie;Lina;Tate;Caps
3238;M;1978-03-17;Dagny;Jedd;Getty;Falco
2288;F;1975-04-19;Goldie;Nina;Seear;Lampkin
2262;F;1989-02-08;Melitta;Carline;Annatt;Klimkovich
2840;F;1985-07-11;Lani;Alyson;Rawlinson;Ciraldo
2909;F;1975-06-15;Faina;Loralyn;Britten;Carlick
2084;F;1995-03-05;Lelia;Tine;Schulz;Slograve
3060;M;1972-01-01;Andrew;Dudley;Pickford;Piddocke
2598;F;1987-03-11;Mada;Bryna;Robelin;Wallhead
2767;F;1996-05-06;Nicoli;Esther;Nudd;Siemandl
3493;M;1988-05-24;Tadeo;Julio;Rigglesford;Kaaskooper
3287;M;1977-07-24;Ram;Jesus;Ovanesian;Spowage
2043;F;2003-04-02;Drusie;Lindy;Dobbinson;Bowerman
2367;F;1980-07-20;Noami;Emmaline;Hegel;O'Halloran
3007;M;1978-07-26;Cody;Alejoa;Windmill;Effnert
3211;M;1977-11-08;Jonah;Reuven;Rooze;Nowill
3192;M;1989-05-26;Artemus;Josh;Royal;Bril
2754;F;2004-03-15;Lucine;Ashien;Birth;Domke
3051;M;1973-07-18;Caz;Winfield;Forbes;Jelfs
3629;M;2002-05-05;Toiboid;Neron;Rewan;Scading
2797;F;1973-11-20;Carlee;Holli;Maydway;Feldbaum
3129;M;1995-07-04;Rodge;Raynard;Cancutt;Audiss
3032;M;1999-01-06;Erl;Ker;Giraux;Bontein
2493;F;1979-09-27;Mela;Lacee;McCaw;McCuish
2992;F;1996-08-31;Tomasina;Dani;Priestland;Wetherell
2838;F;2001-05-23;Marcelia;Ruthie;Leacock;McQuorkell
3325;M;1998-07-07;Barty;Pavlov;Clerc;Eastop
2731;F;1977-05-08;Barbey;Shayna;Leeson;Grabham
3462;M;1982-08-07;Milo;Saunder;Wrightim;Tarzey
2051;F;1973-02-20;Alica;Ceciley;Lawrence;Maclaine
3674;M;1979-05-31;Jaime;Archaimbaud;Rydeard;Radleigh
3520;M;1993-02-27;Tyson;Tyler;Dennerley;Candy
3030;M;1975-08-14;Liam;Holmes;Hellikes;Tait
3172;M;1985-08-08;Georgi;Gerald;Whittlesee;Ropkes
3488;M;1991-12-09;Nickola;Torrin;Drillot;Cowndley
3652;M;1972-10-01;Burty;Art;Auten;Pinnegar
3834;M;1970-05-15;Wood;Alano;Gres;Scarsbrick
3124;M;1974-07-30;Ferdinand;Duncan;Haszard;Kasbye
3338;M;1971-12-02;Harwilll;Devin;Greenalf;Tripon
3396;M;1985-02-19;Augusto;Bartel;Stirrip;Duffree
3055;M;1997-05-31;Nichols;Jeno;Curley;Jendrich
2086;F;1989-05-22;Trudi;Lenee;McGibbon;Willgoose
2381;F;1997-10-06;Lila;Jazmin;Knagges;Bellany
3903;M;1983-03-27;Gerardo;Adler;Cogle;Driver
3577;M;1985-12-23;Karoly;Duffy;De Filippi;Burmaster
3440;M;1990-06-10;Jedd;Isador;Leaves;Gonzales
3969;M;1975-07-20;Nathanael;Urbano;Anker;Brigshaw
2573;F;2003-02-07;Albertine;Arda;De Pero;Lovekin
2997;F;1991-08-15;Ange;Laurette;Twyning;Hallyburton
2946;F;1989-08-17;Dixie;Elonore;Craigs;Eastbrook
3806;M;1997-06-03;Bradley;Mychal;Cuncarr;Yerrill
3445;M;2001-10-29;Stefano;Selig;Matzl;Carruthers
2865;F;1982-07-29;Martina;Farah;Farrow;Berendsen
3392;M;1972-10-02;Jessee;Tadeo;Courtney;Koenen
2759;F;1981-03-14;Yoshi;Nissie;Mauser;Potteril
2269;F;1991-12-27;Raye;Paige;Pettifer;Addey
3777;M;2004-11-28;Gherardo;Herman;Bernath;Mathiassen
2085;F;1990-07-30;Konstanze;Jaquelyn;Ocklin;O'Hengerty
3209;M;1971-06-01;Finn;Martainn;Pittford;Claxton
3790;M;1996-07-19;Lauren;Georgie;Burdoun;de Wilde
2998;F;1980-10-31;Millicent;Aubine;Comberbeach;Fullilove
3198;M;1997-11-07;Xever;Ferd;Mitcheson;O' Driscoll
3391;M;1984-01-18;Daryl;Britt;Winridge;Goble
3027;M;2004-02-25;Karlens;Darrick;Finney;Torn
2463;F;1976-04-17;Lyndsay;Chrysa;Trowel;Rudland
3580;M;1992-08-03;Bondy;Martyn;Pinare;Dibnah
2407;F;1978-07-16;Mechelle;Cathryn;McTrustrie;De Bellis
2635;F;1994-06-17;Mari;Babita;Durham;Kauffman
2593;F;1972-06-25;Ryann;Frances;Frounks;Castello
2779;F;1984-03-02;Ellissa;Phil;Mahmood;Tweedle
2366;F;1985-02-11;Joelie;Nari;Andrat;Getcliffe
3896;M;1989-01-21;Izaak;Tymon;Cappineer;Curnnokk
2070;F;2003-05-09;Moira;Jorie;Currey;Cudworth
3100;M;1994-11-24;Parker;Barrie;Hulance;Peat
2938;F;1999-03-02;Lynnell;Dannie;Mabbe;Jehu
2669;F;2003-10-31;Dody;Nadeen;Piatto;Parmiter
2806;F;1972-08-05;Melesa;Jillie;Cuttelar;Hazart
3572;M;2000-10-28;Bev;Irvine;Cardiff;Farnaby
3326;M;1977-05-28;Rich;Myer;Cottu;Urling
3131;M;1985-04-18;Jess;Phillip;Keniwell;Simmens
3752;M;1998-07-31;Haroun;Kermie;Fowlie;Viollet
2199;F;1978-03-11;Bette;Joelly;Caustic;Fairbairn
2441;F;1984-01-27;Florance;Joy;McConachie;Kirkbright
2720;F;2001-08-30;Denny;Cosetta;Aicheson;Crowcombe
3273;M;1994-04-10;Ignace;Che;Bischoff;Bothram
2424;F;2003-11-22;Austin;Laurena;Tole;Bleibaum
2621;F;1979-03-28;Jeralee;Saree;Grinsdale;Champerlen
3188;M;1973-05-10;Hersch;Zebulen;Stickney;Obert
3971;M;1982-01-09;Barclay;Fred;Casemore;Merle
2301;F;1989-01-09;Dreddy;Perri;Bosenworth;Stert
3399;M;2004-03-13;Karlik;Orbadiah;Waple;Greeves
3607;M;2002-05-02;Adham;Thorn;Louiset;McCrystal
2886;F;1979-08-16;Alyse;Lurlene;Burnyeat;Tellwright
3065;M;1982-11-10;Dannie;Muffin;Carstairs;Moggach
2019;F;1977-01-07;Sindee;Mercy;Anthonsen;Malser
2544;F;1997-07-21;Phelia;Daisy;Malec;Oxtarby
2420;F;1980-12-15;Aline;Nelie;Serrier;McCaughan
2095;F;1979-04-29;Bernetta;Elaine;Ortiga;McCroary
3312;M;1977-03-08;Vinny;Dickie;Caldera;Vedntyev
3708;M;1982-01-15;Tonnie;Valentino;Fosh;Hofner
3537;M;1975-09-29;Brooks;Pieter;Cabrera;Brewerton
3946;M;1987-09-18;Ingrim;Flynn;Livsey;Muttock
3222;M;1989-12-29;Alexio;Erny;Prayer;Vanyashkin
2980;F;1981-11-22;Rivkah;Ava;Colquitt;Beauchop
2880;F;1981-01-02;Loralyn;Valma;Walford;Draisey
2616;F;1985-08-17;Novelia;Daniella;Gooden;Chamberlaine
3128;M;1975-09-18;Steffen;Terri;Lasseter;Gilfillan
3521;M;2005-04-17;Dewie;Neils;Tindall;Mower
3176;M;1970-06-03;Petey;Ilaire;MacMeeking;Pert
3149;M;1986-01-17;Wally;Benito;Conachy;Bream
3794;M;1999-07-05;Field;Hewie;Portchmouth;Wylie
3712;M;1975-08-13;Davin;Leland;Kennett;Cassie
3503;M;1999-12-11;Flint;Herman;Flott;Durno
3333;M;2001-07-21;Ellery;Sherwin;Aberdeen;Tregea
3545;M;1979-02-18;Gustavo;Jeremias;Patzelt;Mabbett
3502;M;1984-09-24;Yance;Harmon;Timmermann;Merriday
2974;F;1976-08-11;Elyse;Ree;Trundell;Preshous
3474;M;1980-08-30;Mattheus;Ian;Mcsarry;Begwell
2688;F;1972-08-28;Fulvia;Ianthe;Moxham;Theuss
3867;M;1989-07-28;Ewell;Ange;Dunston;Faughey
2660;F;2005-06-09;Shirlene;Clementina;Sones;Gino
2496;F;1999-04-10;Catharina;Della;Stenner;Batalini
2276;F;1984-12-18;Lynette;Audrey;Bridgland;Raynard
2559;F;2004-08-12;Lida;Dreddy;Ashborne;Basketter
2353;F;1988-12-12;Robinetta;Rodi;Ugolotti;Adamsky
3170;M;1992-01-31;Devlin;Urson;Pagram;Mackison
2884;F;1996-12-28;Ericha;Cinda;Venard;Junifer
2839;F;1998-11-09;Martha;Lezlie;Campanelli;Charity
3322;M;1987-09-02;Cameron;Riobard;Hamlett;Gabey
2956;F;1992-04-30;Sapphire;Tansy;Batty;Hymor
3297;M;1973-07-26;Costa;Chaddy;Fordham;Beaument
2904;F;1972-08-04;Nisse;Evie;Kleinzweig;Blague
2867;F;1975-07-31;Jerrilee;Marieann;Thorold;Koppe
3037;M;1970-05-25;Lucien;Wolfy;Twitty;Dornin
3206;M;2003-10-14;Vaughan;Olin;Brooksbie;Darlasson
2762;F;1986-03-22;Maxi;Elisha;Jemison;Dowdam
3672;M;2005-08-10;Kermie;Javier;Conaghan;Tolland
2499;F;1982-08-18;Emalee;Dorolice;MacGilfoyle;Abramchik
2083;F;1986-10-13;Georgette;Sherie;Yarnell;Hasel
2104;F;1974-06-01;Catherina;Vivi;Budden;Leadley
2126;F;1994-05-24;Kessiah;Trudi;Sharrocks;Murrison
2788;F;1993-11-01;Emiline;Fernanda;Tweedle;Sprosson
2000;F;1990-04-02;Rosalia;Harriett;Petruskevich;Filov
2254;F;1986-01-14;Darryl;Darya;Do;Carlo
2185;F;1981-01-13;Casie;Bobette;Ribchester;Angliss
3449;M;1997-01-25;Sandro;Brady;Pottberry;Maplethorp
2701;F;1978-10-07;Roselia;Ailey;Fulleylove;Grissett
2252;F;2005-12-19;Benetta;Paloma;Trime;Hrinchishin
2119;F;1980-02-02;Blithe;Letty;Aimson;O'Kerin
3167;M;1971-01-11;Leicester;Zed;Goodley;McElhinney
3277;M;1983-11-24;Fielding;Anton;Nutbeam;Juschke
2025;F;1976-03-18;Merl;Ashlan;Rolse;Giacomelli
2090;F;2002-08-03;Leonie;Lily;Friedenbach;Jellyman
3716;M;1999-02-25;Connor;Noe;Benson;Lundie
3546;M;1984-08-04;Neel;Amby;Mooney;Giraudeau
3977;M;1990-01-29;Fair;Geno;Lowles;Brimblecomb
2810;F;1995-01-02;Ashley;Claresta;Rosenau;Walkington
2726;F;1977-08-16;Chlo;Sadella;Boom;Lagadu
2008;F;1983-01-08;Beckie;Junie;Sweedland;Semor
2933;F;1987-07-05;Jojo;Kim;Bandey;Lafflin
3715;M;2005-01-20;Greggory;Costa;Cubin;Potapczuk
3877;M;1971-07-03;Moses;Rooney;Focke;Lainge
3405;M;1977-03-22;Micheil;Ignacius;Klemt;Balffye
3507;M;1990-09-29;Berton;Pincas;Rothman;Blanpein
2343;F;1974-02-19;Bibby;Ninon;Leveridge;Slade
2227;F;1979-05-20;Blinnie;Madeleine;Blinerman;Tonry
3393;M;1973-05-22;Jaimie;Gard;Kidd;Utteridge
3959;M;1983-01-01;Clevey;Creight;Simkiss;Squires
2609;F;1984-05-28;Jourdan;Nicola;Pleasaunce;McCarter
2921;F;1990-04-08;Alica;Paulette;Tezure;Spencock
3873;M;1999-08-17;Page;King;Gribble;Dobrowski
3983;M;1976-11-08;Bennett;Yance;Dran;Nathon
3035;M;1975-09-29;Olag;Thebault;Dent;O'Keenan
3929;M;1993-01-14;Thatcher;Pennie;Potts;Cowley
3932;M;2003-04-09;Humphrey;Brody;Airlie;Evers
3418;M;1990-04-03;Falito;Wilmer;Sandland;Cobon
3993;M;1980-12-08;Conant;Wright;Sugge;Holtom
2062;F;1973-04-18;Lola;Verla;Ralphs;Catterall
3137;M;2001-10-09;Rad;Riley;Rudgerd;Orrom
2575;F;1995-10-15;Debor;Stacee;Wrefford;McKimmie
2271;F;1992-06-30;Evvy;Emalee;Egell;Spreckley
2042;F;1974-06-13;Ursola;Leslie;Lembke;Hundley
2542;F;1990-07-23;Karalee;Gui;Axby;Bark
2305;F;2001-04-20;Fawne;Orella;Casaccio;Fairnie
3908;M;1995-03-23;Emmery;Barnabas;Llorente;Etherington
3740;M;1998-02-23;Isiahi;Matias;Jenson;Delahunty
2567;F;1974-04-03;Thomasin;Kellie;Brazer;Delcastel
2487;F;2005-08-20;Corilla;Imogen;Brennand;Pretorius
3517;M;1989-04-21;Mahmoud;Norman;Piccard;Cardno
2677;F;1976-11-17;Rosanna;Alyss;Dundredge;Jagels
3692;M;1977-11-17;Gordon;Randell;Bertolin;Antyukhin
2486;F;1982-11-19;Lynea;Rita;Daulton;Quoit
3485;M;1991-06-23;Morly;Theobald;Berndt;Wisniowski
3705;M;1987-10-09;Cirillo;Lin;Stirton;McMurdo
2743;F;1975-01-18;Lidia;Rosana;Franzen;Arkle
2238;F;1999-07-03;Bobinette;Ingaberg;Clowney;Jagg
2748;F;1996-08-04;Lani;Roselin;Cock;Shackleton
2918;F;1987-02-24;Moreen;Seline;Bignal;Pentland
3551;M;2005-06-29;Salvador;Ansell;Edel;Todaro
2805;F;1972-09-18;Estella;Reba;Khrishtafovich;Porte
2670;F;1992-03-20;Shani;Marguerite;Elener;Bow
2525;F;1976-10-01;Annette;Odilia;Keatley;Kindley
3241;M;1973-12-03;Albie;Westley;Barracks;Tolman
3814;M;1990-02-23;Tito;Lamar;Bannard;Tilson
2332;F;1970-11-18;Annissa;Charmion;Cummings;Sinnie
2668;F;2000-04-19;Edythe;Kinna;Meneghi;Robinson
3823;M;1998-01-30;Barrie;Ransom;Jellett;Shropshire
2375;F;1994-01-29;Maurene;Eran;Neathway;Rospars
3706;M;2005-11-13;Torre;Caryl;Hacon;Gabbotts
3885;M;1995-09-27;Leopold;John;Wilkisson;Bathurst
3871;M;1998-12-16;Christoffer;Matthus;Pohls;Kettow
2780;F;1980-12-04;Bert;Nicolina;Tipping;Thames
2787;F;1992-07-15;Shelba;Stormy;Ramsdale;Ellwell
3707;M;1976-09-21;Chickie;Nikola;Woollett;Sagg
2140;F;1983-01-07;Kissiah;Drusy;Maypowder;Claydon
2581;F;1998-02-13;Andrei;Sydel;Morling;Richardt
3931;M;1987-01-12;Scott;Bay;Boots;Spohrmann
3403;M;1970-11-26;Garth;Thibaud;Stoke;Stainer
2538;F;1970-09-30;Harriott;Loise;Asaaf;Cossor
2152;F;1998-07-06;Jeannine;Eba;Kemson;Cote
3646;M;1974-08-14;Tanny;Dick;Sarsons;McCandless
3714;M;1975-11-18;Hadleigh;Melvyn;Pulhoster;Culter
2903;F;1994-10-14;Timi;Jessa;Terlinden;Curee
3789;M;1989-08-08;Ely;Clerkclaude;Goldman;Ascraft
2457;F;1998-07-25;Carolan;Joline;Mackleden;Faveryear
2835;F;2003-08-04;Teddie;Ericka;Crowth;Glyssanne
2221;F;1996-05-10;Lindy;Linnell;Houchen;Eccersley
3953;M;2002-11-17;Chev;Isac;Lefwich;Cianni
2728;F;1983-12-30;Petronilla;Jackquelin;Tellenbrook;Brisland
3006;M;1977-08-27;Kort;Pattie;Havard;Parysowna
3670;M;1999-01-22;Ali;Andres;Camidge;Goodoune
2188;F;1973-02-17;Susannah;Darryl;Dinjes;Perdue
2014;F;1975-03-18;Isabel;Marlyn;Doutch;Acutt
3801;M;2000-03-12;Benjie;Romain;Cuel;Foxall
3975;M;1987-04-09;Gus;Andros;Romanetti;Dulen
2193;F;1998-06-09;Effie;Josepha;Cazereau;Flobert
2153;F;1986-03-27;Augustina;Avie;Foakes;Ashingden
3460;M;1983-05-08;Edan;Osborn;McJerrow;Dudney
2536;F;1971-11-28;Stafani;Tillie;Every;Baffin
3181;M;2003-04-05;Manfred;Delaney;Spalding;Mapp
2135;F;2005-10-14;Nomi;Dian;Esmead;Shawyers
2433;F;1973-02-16;Paulette;Lory;Boncoeur;Branson
2469;F;1994-11-23;Randie;Jasmina;McLauchlin;Secrett
3045;M;1979-12-03;Lodovico;Cristian;Sneddon;Eede
2605;F;2003-03-05;Clareta;Madelyn;Crosi;Penwright
2139;F;1979-01-11;Bettye;Farra;Conaghy;Greenfield
2599;F;1997-11-30;Yoshi;Lane;Lawlings;Buddle
3478;M;1985-07-24;Adolphe;Hebert;Matula;Normanvill
3845;M;1981-08-30;Jasen;Regen;Crawshaw;Summerskill
3864;M;1995-04-24;Albrecht;Hadrian;Oury;Farquhar
2824;F;2005-12-08;Vilma;Midge;Zarfat;Struys
2079;F;1987-04-06;Devin;Kendra;Audibert;Reddish
3979;M;1989-11-28;Augustin;Armand;Heel;Le feuvre
2031;F;1980-03-18;Conni;Ardelle;Bawcock;Ast
3690;M;1989-03-23;Obadiah;Jarrad;Endle;Abbati
3785;M;2003-02-04;Douglas;Welsh;Pembery;Phayre
2868;F;1974-04-28;Sheela;Arlen;Acum;Broderick
2082;F;1994-09-10;Annelise;Phyllys;Colvine;Ghest
3878;M;2000-06-16;Alasteir;Elliot;Broadhurst;Vitler
2124;F;1976-06-13;Roxanne;Jesse;Naisbitt;Iskower
2798;F;1982-07-21;Ethel;Christi;Willatt;Bambridge
2213;F;2004-06-26;Joice;Carrie;Lissandri;Whatsize
2631;F;1994-06-20;Stefanie;Cynthie;Avison;O'Hannay
2341;F;1970-01-06;Arda;Miranda;Bidgood;Merrilees
3600;M;2004-12-03;Reamonn;Obediah;Devanney;Snoxell
3253;M;1979-10-11;Prent;Edan;Scutter;Elstone
2619;F;2000-02-26;Isadora;Kath;McNeil;Sherer
3675;M;1977-05-16;Neddie;Holt;Fawckner;Bydaway
3414;M;1979-05-24;Theobald;Filip;Huncoot;Earl
3141;M;1977-09-27;Esteban;Abel;Mabee;Etchell
3340;M;2002-08-01;Harper;Dewain;Pretorius;Micka
2277;F;2001-04-17;Audie;Melinde;McKelvey;Benneton
2734;F;1981-11-24;Philipa;Shane;Lynch;Middleton
2897;F;1979-01-10;Lynna;Joline;Berthomieu;Wissby
3641;M;1991-10-14;Justen;Grover;Butfield;Braunston
3368;M;1999-01-26;Lars;Javier;Pleass;Forrest
3647;M;1970-10-23;Morse;Gerardo;Churchward;Fredson
3547;M;1974-07-19;Dewey;Mario;Kubasek;McTurley
2796;F;1992-01-27;Melinde;Adriena;Baudains;Cady
3382;M;1974-12-05;Miner;Wells;Prop;Harriot
3486;M;1978-05-01;Tallie;Leonidas;Bayston;Jepson
2172;F;1979-03-31;Linet;Jolie;Vanini;Jedrzej
2864;F;1999-01-14;Hertha;Aviva;Avramov;Abramson
3031;M;1976-08-21;Linn;Raynard;McCully;Vasenkov
3512;M;1991-01-14;Towny;Artur;Twatt;Amor
2716;F;1975-01-07;Steffane;Merrily;Symms;Fazan
3109;M;1976-02-11;Vance;Wiatt;Skpsey;Abeau
2275;F;1970-08-11;Lorrie;Tammi;Ganing;De Laci
2881;F;1999-01-29;Ainslee;Di;Screaton;Sizey
2617;F;1993-01-10;Gilberte;Kalli;Ebden;Pagon
3701;M;1983-04-30;Vern;Nikolaos;Crackel;Cleminson
2799;F;1980-12-23;Stephie;Aveline;Trembath;Santostefano.
2379;F;1974-02-27;Joly;Ofella;Riding;Livezley
2427;F;1988-11-01;Juli;Darcie;Hanrahan;Mayze
3989;M;1994-09-23;Lorant;Leighton;Tilburn;Blondell
3997;M;1990-03-07;Dilan;Chico;Girardoni;Kneal
3476;M;1986-04-14;Knox;Gabi;Remmer;Boynton
2454;F;1979-10-09;Vyky;Joanna;St Clair;Godehard.sf
3208;M;1984-04-01;Haven;Thomas;Blinckhorne;Glide
2782;F;1972-09-05;Jo;Roseann;Bounds;McIlwain
2890;F;2001-06-25;Caren;Abigael;Glassborow;Mora
2034;F;1989-04-08;George;Tersina;Eddie;Coast
2604;F;2005-05-10;Trudey;Mirabella;McDavid;Cackett
2314;F;2005-11-25;Jsandye;Rosalynd;Endrici;McVeighty
3770;M;2003-01-26;Gregory;Gael;Osbaldstone;Fawltey
3957;M;1970-12-26;Rubin;Oates;Dicey;Gurry
2935;F;1972-02-19;Ivie;Dotty;Danes;Brimilcombe
2024;F;1993-10-02;Lyda;Marcelline;Emlin;Dallin
3804;M;1977-10-26;Reuben;Sigismund;Curnucke;Kennett
2373;F;1985-10-08;Lonni;Reeba;Kennedy;Lochead
3748;M;1981-01-10;Kennan;Ware;Cameron;Scrane
2737;F;1985-04-10;Leyla;Shelley;Sowray;Robardey
3177;M;1989-03-18;Tris;Munroe;Jozefczak;Bogart
3250;M;1970-07-23;Marvin;Dukey;Rimmington;Amos
2436;F;2000-12-12;Wilhelmine;Mira;Jowling;Guenther
2391;F;1983-12-03;Carol;Lane;Crouch;Hanna
2757;F;1980-05-30;Angie;Amelia;Pennycuick;Simms
2778;F;1971-03-19;Marguerite;Zorah;Hutchason;Neighbour
2592;F;1983-10-11;Sela;Almira;Demer;Berthomier
3848;M;2005-10-29;Ralf;Nathaniel;Hutchens;Denisot
3662;M;2001-10-05;Rickert;Briano;Hanford;Eastes
2545;F;1984-04-22;Denni;Blinny;Dolton;Gayden
3092;M;1992-03-20;Herman;Kean;Hallums;Kemer
2939;F;1974-06-16;Roanne;Cairistiona;Lowle;Laughnan
3415;M;1990-10-14;Murdoch;Brok;Roullier;Renney
3016;M;1974-11-15;Merwin;Gabi;Beebee;Wrightim
2814;F;1970-07-09;Isa;Laurice;Churchward;Brehault
2614;F;2000-10-25;Daphna;Cathy;Follos;Martinho
3839;M;1979-12-15;Natal;Bevin;Cristoferi;Letteresse
3832;M;2002-06-26;Peyton;Raphael;Green;Eakins
3352;M;1989-01-19;Tobiah;Raffarty;O'Crotty;Mattusov
2306;F;1979-11-28;Brynne;Rosalia;Downing;Laing
3663;M;1971-04-23;Harry;Bogey;Gribbins;Bellocht
2922;F;1984-10-30;Vanny;Verile;Ledeker;Sparham
2685;F;1970-05-23;Angelina;Brenda;Kunes;Hesser
3450;M;1975-09-03;Edlin;Standford;Bunnell;Lebourn
3302;M;1998-05-07;Reggy;Chuck;Komorowski;Alvaro
2035;F;1970-02-26;Tracey;Rachele;Coning;Kingescot
2207;F;1970-02-28;Cherlyn;Gloriane;Taaffe;Hawthorne
3379;M;1971-04-25;Englebert;Wang;Smurfitt;Laight
2745;F;1971-09-30;Carlie;Annis;Bladen;Trehearne
2707;F;1985-04-05;Darice;Damaris;Henrych;Brissard
3013;M;1984-08-05;Consalve;Bartlett;Shoveller;Plaxton
2259;F;1996-11-16;Lind;Gianina;Chellenham;Danhel
3984;M;1980-01-15;Kendricks;Marcel;Camerati;Pay
3539;M;1997-06-21;Darwin;Howard;Arthurs;Paule
3389;M;1971-04-23;Eli;Nikita;De Ruggero;Cossar
2394;F;1973-07-14;Hilde;Thalia;Bonwick;Carrane
3882;M;1976-12-28;Horacio;Martin;Grooby;Penritt
3080;M;1997-05-19;Germayne;Zeke;Cloke;Dowdall
3197;M;1971-12-07;Hilly;Kenneth;Seelbach;Yarranton
2322;F;1991-01-20;Sara;Gael;Jiroutka;Uccelli
3194;M;1970-04-02;Cyrill;Aaron;Andri;Aucoate
2287;F;1986-12-19;Jandy;Merilyn;Morden;Vannini
2597;F;1995-01-29;Tony;Maxie;Dur;Mensler
3213;M;1999-10-30;Even;Nicko;Cortin;Bedder
3817;M;1989-04-15;Giles;Gus;Kilmurray;Faiers
2898;F;1990-12-24;Veronika;Pippy;Clemmensen;Reen
2570;F;1974-10-09;Barby;Jessika;Hupka;Noell
3047;M;1976-10-05;Hanson;Aldis;Cockarill;Jikovsky
2002;F;2005-12-16;Vonnie;Appolonia;Gronauer;Emson
3940;M;1991-05-16;Sonnie;Pedro;Muldownie;Huffer
3591;M;1983-03-06;Boote;Marietta;O'Kynsillaghe;Kendall
2078;F;1971-01-04;Kari;Mommy;Demetr;Hobbert
2038;F;1970-12-12;Lelah;Suzanne;Bamlett;Rheam
3585;M;1982-04-08;Matthiew;Gerald;Fruchon;Catlow
2948;F;1999-07-26;Viole;Jacki;Coushe;Drewet
2695;F;2004-07-23;Kassia;Ramona;Sarfass;Lummis
3937;M;1976-02-14;Eben;Tremain;Fibbit;Shurey
3448;M;1985-12-02;Hamish;Clemens;Pranger;Shimwell
3136;M;1984-07-24;Court;Alick;Godwin;Durand
2315;F;2004-10-30;Margy;Gustie;Woakes;Robinet
3588;M;1996-06-28;Johnnie;Gaston;Skene;Arpin
3709;M;1972-06-14;Vladamir;Gregorius;Van der Daal;Nutbeam
3642;M;1982-12-23;Drake;Brant;Fransson;Branton
2691;F;2005-06-09;Carry;Maxine;Kringe;Idney
3792;M;1993-09-15;Penny;Mathias;Winsbury;Noblet
2510;F;1993-05-22;Babbie;Clair;Lacrouts;Spence
3961;M;1994-06-05;Gregorio;Marietta;Darrigone;Cranna
3422;M;1970-05-26;Miner;Dwight;Blount;Clench
2249;F;1988-02-15;Gabriela;Katina;Wieprecht;Timlett
3964;M;1974-08-02;Haley;Fleming;Critten;Bayly
3562;M;1978-11-27;Laurie;Kendell;Barstock;Giorgeschi
2702;F;1988-03-22;Britteny;Sophi;Hassard;Kelner
2161;F;2005-02-16;Denni;Lucilia;Danilovitch;Jarrelt
2766;F;1996-07-20;Muriel;Agnella;Cantwell;Shakespear
2349;F;1972-09-02;Tiena;Toni;Baterip;Duckhouse
2552;F;2001-12-01;Orelle;Lorette;Tonkes;Pinchon
2117;F;1987-10-14;Brittaney;Tiffy;Antao;Cordeux
2245;F;1995-02-25;Genna;Greer;Housen;Skerme
2224;F;1999-08-23;Gilbertina;Sabine;Braithwait;Goodenough
2533;F;1979-06-27;Olia;Othelia;Seawell;Dybald
2374;F;1997-07-17;Alene;Quintilla;Mortlock;Maasze
3290;M;1985-03-12;Shurlock;Derwin;Winsom;Tilsley
2818;F;1980-02-14;Jinny;Ekaterina;McGairl;Fulbrook
3122;M;1985-05-22;Thorn;Matthus;Foggo;Jannings
3097;M;1978-09-08;Bobby;Webb;Wykes;Jenkerson
3153;M;2000-02-20;Dennison;Harv;Prose;Adair
2317;F;1985-09-05;Chelsey;Ebony;Saggs;Zapater
2849;F;1986-07-27;Malissia;Shellie;Haggerwood;Mieville
2130;F;1982-12-19;Aloisia;Merrilee;Whitley;Shelp
2175;F;1973-07-22;Tammy;Elinor;Emons;Rickaert
2464;F;1989-05-02;Martha;Myrtie;Blenkensop;Pigeon
2934;F;1997-11-03;Nikoletta;Angie;Teodoro;Howden
2460;F;1991-10-03;Vivi;Marys;Viscovi;Readshall
2369;F;1978-12-28;Danette;Niki;Elijah;Sywell
3249;M;1983-06-11;Leupold;Paxton;McGraffin;Mosdill
2846;F;1981-02-09;Lavina;Petrina;Robardley;Gylle
2429;F;1998-02-19;Josey;Thea;Hanley;Karlsson
2437;F;1982-06-12;Bamby;Niki;Antrobus;Gaize
2029;F;1985-10-22;Calypso;Honor;Ashley;Gowthorpe
3921;M;2003-11-16;Edmon;Augusto;Gurnett;Strute
2700;F;1977-03-14;Constantina;Jane;Ciciari;Rannie
2165;F;2000-05-31;Laurel;Raine;Bazelle;Cariss
2206;F;1972-06-15;Reeta;Melodie;Mussilli;Messom
3543;M;2002-10-18;Nels;Shayne;Willock;Lord
2625;F;1976-03-01;Melli;Lelia;Dormer;Darell
2267;F;2003-04-01;Kania;Tine;Meads;Phelip
2192;F;1989-04-05;Emmalee;Joan;Gallaway;Gotch
3656;M;1973-09-16;Thorpe;Elisha;Basten;Wylder
3235;M;1995-10-21;Guilbert;Gerry;Weine;Figurski
3103;M;1997-08-06;Boothe;Merry;Ahern;Jaram
2539;F;1971-04-02;Cybill;Sonny;Barwell;Chree
2223;F;1974-01-22;Meredith;Sharon;Dolby;Tatford
3831;M;1989-06-15;Bran;Ad;Siggin;Lacky
3001;M;1996-02-24;Cointon;Temple;Peaseman;Sirl
2952;F;1986-12-10;Joanne;Electra;Gieves;Lacer
2760;F;1999-03-19;Eudora;Hatty;Taft;Roget
3079;M;1998-05-19;Lance;Othello;Covotti;Moff
2336;F;1991-06-23;Amelia;Ilysa;Reaman;Kneel
2854;F;1990-09-19;Nissy;Waly;Ell;Brown
3383;M;1992-10-22;Mic;Raviv;Matejka;McOrkill
2100;F;1984-07-28;Maible;Juieta;Phillipps;Janecki
2067;F;1971-01-30;Lorilyn;Gerhardine;Cortes;Casperri
3862;M;1986-04-26;Avigdor;Talbert;Swaysland;Cotte
2442;F;2002-01-04;Dorree;Rivi;Cheson;Angelo
3225;M;2001-08-08;Adamo;Skipp;Hubber;Curgenven
2878;F;1985-09-07;Deloria;Emmalynn;Attawell;Gartshore
3499;M;1981-02-20;Ricard;Nil;Rive;Tommaseo
3611;M;1999-12-29;Ezekiel;Alexio;Fink;Gossan
2333;F;1980-05-17;Austina;Sonja;Kadar;Febry
2804;F;1976-07-10;Scarlet;Valenka;Andrews;Valett
2018;F;1976-12-30;Mara;Harriott;Surcomb;Spoure
3269;M;1988-02-11;Scarface;Burton;O'Fallone;Worsell
3872;M;1970-02-23;Nevins;Guilbert;Petken;Harfoot
2852;F;1986-10-06;Naoma;Ellene;Alexandersson;Mabbitt
2640;F;1999-02-23;Isabel;Charita;Merrigan;Bienvenu
3579;M;1975-04-09;Richart;Esra;Nuschke;Gummery
3898;M;1996-08-04;Merrick;Walden;Florey;Marran
3759;M;1989-09-26;Cesare;Hubie;Constanza;Exposito
3244;M;1993-11-20;Dav;Randolph;Follan;Audrey
2169;F;1978-10-18;Vita;Petronia;Moretto;Mathys
2430;F;1995-02-05;Sarette;Nyssa;Wootton;Laurenceau
3442;M;1994-02-10;Radcliffe;Christophorus;Liggons;Nono
2662;F;1981-10-18;Sonya;Rhianna;Grills;Graddell
2482;F;1988-03-01;Faina;Aryn;Purbrick;Grinvalds
3430;M;1985-09-06;Edward;Errol;Canizares;MacVagh
2643;F;1970-11-14;Nessy;Pauletta;Patillo;Mindenhall
3390;M;1983-10-19;Abe;Gerome;Bourges;Minshull
3881;M;1987-05-12;Brody;Augustus;Pember;Coolican
3019;M;1994-12-07;Dwight;Casar;Lomath;Culligan
3467;M;1998-11-01;Bruce;Padraig;Laver;Aleshkov
3002;M;1978-10-31;Elmer;Urbanus;Artin;Oliveira
3301;M;1978-08-26;Max;Taddeo;Reitenbach;Vanyashkin
3159;M;1981-12-14;Khalil;Justinian;Fidilis;Dykas
3308;M;2003-07-08;Eadmund;Archaimbaud;Bontine;Pettifor
2346;F;1988-10-30;Camel;Donielle;Aguilar;Attock
2237;F;1998-09-05;Paola;Bernadette;Stirton;Stork
2013;F;1983-02-18;Tonie;Desiri;Parke;Jandel
2255;F;1994-06-23;Brandais;Brynna;Doull;Humphries
2402;F;1979-07-01;Siusan;Nathalia;Glitherow;Bird
2892;F;2000-10-13;Kari;Darcey;Cossins;Rodenburg
2392;F;1977-07-09;Maryellen;Mae;Jackson;Chasson
3553;M;1982-02-23;Claiborn;Peadar;Maddick;Blemings
3189;M;1999-01-18;Rochester;Humbert;Medlar;Eyckelberg
3451;M;1971-03-22;Noel;Bartholomeus;Wayvill;Learned
3093;M;1980-02-18;Jerome;Ellsworth;Taggett;Ilyasov
3412;M;2003-11-16;Kennedy;Henrik;Grayshon;Phateplace
3676;M;2002-11-13;Isidro;Algernon;Yacobsohn;Beadnell
3902;M;2004-08-24;Fairlie;Rinaldo;Hawkeridge;Brainsby
2438;F;2005-06-01;Tessie;Afton;Ellaman;Wheble
2273;F;1994-01-26;Lolita;Tedra;Deluca;Downie
2546;F;2001-10-18;Betsy;Odette;Ayling;Moreby
2594;F;1988-08-09;Tori;Jessamine;Macellar;Koppel
3286;M;2002-06-26;Lindsey;Grove;Swetland;Pyne
2304;F;1993-04-08;Karlyn;Lisha;Gheeraert;Roman
2586;F;1993-09-09;Larine;Juanita;Voisey;Ellams
2296;F;1982-01-28;Wren;Livia;Millmoe;Vescovo
2659;F;2004-05-08;Irita;Nollie;Camier;Wonham
2856;F;1995-04-11;Fifine;Kris;Brabant;Nolleth
3268;M;1983-12-24;Moritz;Raynard;Beany;Huxter
3314;M;1987-03-03;Abrahan;Brocky;Olexa;Popworth
3255;M;2002-11-01;Eustace;Sol;Huncoot;Crutchley
3044;M;1996-07-28;Dennet;Casar;Kubala;Beadel
3772;M;1977-05-25;Richart;Rodrigo;Collocott;Ferroli
3679;M;1983-01-07;Rutledge;Munmro;Borth;Elion
3990;M;1975-08-21;Arte;Man;Rout;O'Cassidy
3108;M;1975-10-24;Gilles;Ban;Union;Thoumasson
2377;F;1986-09-21;Marget;Glenda;Bissex;Shouler
2561;F;1975-10-29;Sidonnie;Devora;Karppi;Deviney
2016;F;1990-02-06;Lelah;Alys;Bertrand;Imesen
2325;F;1999-10-23;Elisa;Patsy;Jatczak;Brinsden
3346;M;1989-12-13;Butch;Bailie;Ebi;Millthorpe
2291;F;1987-06-26;Alla;Sondra;Presman;Puttrell
2936;F;1979-02-14;Mallissa;Lauralee;Blackaby;Normington
2274;F;1978-12-01;Neysa;Nada;Perch;Flanagan
3438;M;1992-02-20;Sidnee;Hasheem;Beddingham;Dyball
2929;F;1997-10-24;Brynn;Cristal;Birtwell;Rebert
2966;F;1975-06-24;Adda;Hally;Heindrick;Canty
2986;F;1980-12-22;Minnnie;Giacinta;Sarah;MacIllrick
3899;M;1971-11-27;Maurits;Rudiger;Burtwell;Boumphrey
2122;F;1998-02-13;Nada;Cynthie;Passby;Ribbon
3309;M;1990-10-20;Sayre;Davin;Bingley;Thorneywork
2226;F;2001-03-03;Lexine;Ernestine;Zannetti;Jellard
3825;M;1981-05-13;Emanuele;Tommie;Bardwell;Aylwin
3316;M;1980-06-17;Grannie;Boyd;Tabourel;Corradi
2990;F;2003-10-03;Ericka;Velvet;Itzcak;Upward
3682;M;1992-02-19;Hew;Lyn;Went;Pisco
3231;M;2000-01-09;Toiboid;Emmanuel;Cahalan;Gall
3540;M;2003-10-11;Syd;Ulick;Parrot;Dandison
3532;M;1994-04-28;Carney;Ignatius;Swalteridge;Pottberry
2408;F;1995-07-20;Elonore;Ilyssa;Ennion;Tregenza
3456;M;1984-05-22;Alan;Erik;Caddy;Snaddon
3246;M;1993-06-25;El;Antoine;Tomankiewicz;Samarth
3548;M;1985-05-31;Homer;Wolfy;MacKenney;Reichert
2982;F;1985-02-27;Winnie;Olympe;Gallichan;Aylesbury
3900;M;1984-08-22;Jamill;Aguie;Bowdler;Tandey
2120;F;1975-08-26;Barby;Avis;Kinge;Hullins
2279;F;1996-08-17;Hetti;Tallou;Baldocci;Kale
2917;F;1985-03-10;Gerta;Frank;Ratazzi;Zimmerman
2327;F;1973-03-31;Rebeka;Brita;Talton;O' Driscoll
2993;F;1977-03-07;Kaja;Liuka;Sprott;Lethem
2170;F;1971-04-15;Eugenia;Danyelle;Danzelman;Grancher
3685;M;1982-05-25;Wallas;Cointon;Sindle;Philipart
3408;M;1993-09-12;Spense;Lonnie;Surguine;Broadbear
3527;M;1977-08-14;Winslow;Antonino;Telford;Crollman
3363;M;1990-09-19;Alfonso;Bartholomeus;Grandison;Mower
2983;F;1970-12-12;Malva;Hermine;Darrel;Schellig
2328;F;1976-04-01;Camille;Stevena;Clabburn;De Carteret
3139;M;1992-08-01;Delaney;Lincoln;Frankish;Lindro
3126;M;2005-01-30;Alvie;Dalston;Poller;Millard
3387;M;1970-11-08;Eziechiele;Rod;Bicknell;Button
2845;F;1999-03-26;Gerianne;Victoria;Randerson;Gilcrist
2706;F;1981-01-09;Almeria;Edy;Headington;Isaak
2297;F;1990-11-07;Jeannine;Lind;Goaks;Di Matteo
3034;M;1976-12-07;Mic;Morgan;O'Dooghaine;Shenton
3841;M;2004-03-02;Fair;Lancelot;Eastham;Iorizzi
3265;M;1973-08-22;Aube;Garvy;Spieght;Edinburgh
3140;M;2002-08-23;Man;Antons;Jeste;Gatty
2927;F;1977-09-26;Happy;Aimee;Piburn;Copsey
3447;M;1985-06-21;Hilton;Wilburt;Denman;Flintoft
3810;M;1973-02-20;Carly;Cyrille;Arnfield;Piet
3719;M;1974-01-30;York;Galven;Peyes;Spearing
2356;F;1982-03-20;Dallas;Daron;Prowse;Chadwell
2298;F;1987-01-06;Reyna;Kira;Heynen;Cantwell
3443;M;1979-07-23;Meyer;Jamill;Critchlow;O'Garmen
3666;M;1972-07-03;Arnold;Burton;Ferran;Blackborow
3469;M;2004-05-10;Kristos;Kirk;Billes;Blackden
2753;F;1970-04-18;Leia;Aubry;Reubel;Dilger
2127;F;2000-01-17;Sandye;Sabra;Gimbrett;Wessing
2866;F;2001-08-05;Darby;Ricki;Kenward;Minter
2063;F;2005-02-09;Roshelle;Tessy;Gissop;Camois
3578;M;1980-02-10;Mitch;Weylin;Margett;Raffin
3513;M;1975-05-04;Hastie;Rriocard;Doveston;Crawshay
3586;M;1980-09-25;Lucio;Padraig;Freestone;Garlinge
2512;F;2000-08-06;Sella;Delly;Yeskin;Isaksson
3980;M;1975-08-07;Niven;Justin;Killner;Barfoot
3966;M;2005-12-06;Gray;Tadio;Clemont;Bewshea
2491;F;1994-12-28;Nannette;Natty;Byrcher;Bru
3887;M;1995-11-03;Darius;Milton;Filipczak;Drever
2294;F;1995-09-19;Elsy;Dosi;Cerman;Vittore
2801;F;1971-05-24;Cory;Beulah;Richen;Bellham
2736;F;2005-10-03;Vikky;Michaelina;Burdell;Mobberley
3726;M;2004-10-29;Travus;Shelley;McNellis;Bramah
3077;M;1998-10-17;Salem;Perceval;Bradborne;Sivior
3472;M;1980-07-04;Isidoro;Gallard;Bulmer;Pawle
2803;F;1975-01-14;Katinka;Iris;Alty;Kavanagh
3746;M;1978-10-22;Gav;Alberto;Putson;Brant
2266;F;1989-06-13;Susan;Anna-diana;Taaffe;Oades
2490;F;1989-05-21;Violette;Dione;Dallewater;Westwell
2646;F;1980-03-24;Anica;Valaria;Spreadbury;Warbrick
3023;M;1993-10-12;Thedric;Geordie;Stienham;Pizey
3818;M;1980-02-19;Errol;Bill;Rosenbloom;Lowrie
2642;F;1977-07-26;Dorthea;Norry;Wigmore;Hospital
2563;F;1999-10-14;Glennis;Kassia;Alesi;Oake
2149;F;1996-10-21;Tine;Joan;Beedell;Cissen
2056;F;1988-02-24;Konstance;Delcina;Kollaschek;Dunphy
2403;F;2002-06-28;Kiley;Gussy;Toynbee;Bradford
2537;F;2005-10-06;Christie;Katha;Yude;Conner
2683;F;1983-10-13;Jodee;Corny;Pantry;Brion
3835;M;1972-08-26;Yance;Dietrich;Schrir;Message
2924;F;1981-08-06;Philippa;Laetitia;Whitehorn;Kesper
2826;F;1977-12-16;Harriet;Geralda;Eastes;Chaplyn
3434;M;2003-05-12;Westleigh;Eugene;Colquete;Fabb
3813;M;1976-10-27;Barron;Alexandro;Klampt;Basill
3118;M;1973-02-25;Delmer;Norton;Halgarth;Schleicher
3125;M;1972-11-11;Jerri;Major;Pietsma;Agney
2197;F;1981-09-06;Deborah;Rita;Espasa;Otham
3799;M;1985-07-31;Byron;Griffie;McJerrow;Wormald
3435;M;2004-07-28;Cesar;Rafi;Pacheco;Tocque
3292;M;2003-10-01;Pernell;Ulick;Ebbers;Lamberth
2075;F;1976-02-14;Rubie;Donnamarie;Trout;Spray
2091;F;1974-05-11;Lotti;Fawn;Glandfield;Kedie
3569;M;1978-05-20;Cosme;Jo;Dalliwatr;Simons
3357;M;1973-02-23;Tris;Yurik;Batterton;Dinnis
3919;M;1991-04-23;Bengt;Kerr;Frodsam;Weild
3157;M;1974-06-04;Cleavland;Christophe;Seeley;Westmore
3761;M;1982-07-03;Patin;Franny;De Beauchamp;Merrin
2020;F;1979-08-14;Shawn;Ferdinande;Hoyland;Humbey
2421;F;1978-11-24;Roseann;Alyce;Stickells;Iacopini
3608;M;1984-09-18;Nester;Jock;Pavitt;O'Dulchonta
3747;M;2004-05-23;Clemente;Linn;Gonnard;Antonijevic
2891;F;1998-03-22;Blinni;Nolana;Dacke;Boord
3267;M;1981-11-09;Jethro;Yankee;Coram;McGowan
2410;F;1994-10-31;Hedwiga;Pearline;Matuszak;Lermouth
2411;F;1987-01-05;Avie;Wenona;Ionn;Weiner
2532;F;1999-09-30;Ranice;Shayla;Strotone;Orcott
2718;F;1972-08-19;Stacee;Maude;Braunfeld;Isoldi
3755;M;1980-07-12;Ellsworth;Isa;Goudie;Kite
3439;M;1988-05-25;Alvan;Delmer;Quelch;Tague
2417;F;1988-10-21;Lynnett;Janna;Clausen;Greson
3033;M;1988-04-23;Thayne;Hillary;Ledgley;Westfalen
2549;F;1982-05-28;Annamarie;Marlie;Miles;Rydeard
3260;M;1995-01-20;North;Zeke;Prestige;Tubb
2873;F;1985-05-17;Ag;Sybilla;Lowell;Rainbird
3377;M;1977-10-21;Winfred;Cole;Bewsey;Proughten
2896;F;1984-01-31;Lenee;Abigail;Mathevet;McLay
2225;F;1992-02-04;Kyle;Donny;Taylder;Trusslove
3965;M;1978-10-29;Bartholomeo;Taddeo;Klesse;Brunelleschi
3148;M;1988-08-19;Sayers;Patrice;Peplaw;Vinall
3923;M;1973-12-03;Basil;Brendis;Harrowsmith;Kassel
2021;F;1970-10-28;Tomasina;Trix;Shilleto;Mendus
3584;M;1986-01-08;Lionello;Conant;D'Enrico;Jelf
3183;M;1997-03-05;Verge;Kennith;Grunwald;Wallett
2243;F;1972-05-31;Annabela;Kailey;Brunke;Belfield
3587;M;1994-12-30;Itch;Dino;Marten;Koene
2633;F;2005-03-20;Elvina;Nanette;Tivers;Lille
3567;M;1979-11-23;D'arcy;Nikolos;Tiler;Coode
3184;M;1975-12-09;Tymon;Chas;Skellen;Tittletross
3943;M;1988-01-14;Karlens;Erl;Aberdeen;Moodie
2134;F;1996-09-06;Elisabet;Melesa;Collishaw;Becconsall
2931;F;1993-01-11;Aurora;Loree;Pozer;Hansley
3288;M;1981-05-29;Herman;Bordie;McDonald;de Vaen
2989;F;1984-03-25;Freida;Jillene;Garrow;Reuble
2448;F;1984-06-25;Leisha;Bibbie;Brunger;Bampforth
3530;M;1996-01-25;Giselbert;Ax;Congreve;Noirel
2741;F;1973-11-17;Lorenza;Debra;Crocombe;Laidlaw
2323;F;1979-03-07;Marti;Loree;Speller;Clout
2602;F;1996-08-22;Kakalina;Betta;Purse;Downgate
3501;M;1979-10-28;Graeme;Jammal;O'Lochan;Fruchter
3048;M;1994-02-06;Claiborne;Kienan;Gristhwaite;Songust
2068;F;1989-08-21;Billi;Ramonda;Bleaden;Caldwell
3769;M;1983-08-25;Nickolas;Janos;de Tocqueville;Clendinning
2714;F;2005-09-01;Etta;Madlen;Bruyett;Yeudall
3374;M;1989-07-30;Rinaldo;Reinold;Ongin;Vanezis
2514;F;1992-03-13;Nomi;Gilberte;Rowbottam;Badby
2191;F;1992-04-18;Katharina;Emelyne;Harkin;Follis
3897;M;1999-09-12;Isidoro;Gunther;Le Breton;Sheryn
3678;M;1998-01-22;Horst;Dolph;Witling;Lorimer
2022;F;1992-12-15;Josi;Lindie;Lewsie;Arnall
3036;M;1988-12-18;Emmanuel;Meredeth;Dauber;Ainsbury
2026;F;1973-05-08;Nicholle;Fenelia;Willoughby;Leneve
2264;F;1981-10-18;Augustine;Bonnee;Relf;Seville
3686;M;1973-10-25;Benedict;Dilan;Garnam;Hargroves
3132;M;1972-01-02;Mose;Zak;Thom;Preddle
2995;F;1983-02-26;Chicky;Diane-marie;Welbelove;Iapico
3475;M;1976-06-04;Bancroft;Morry;Pedley;Harbinson
2101;F;1992-08-01;Sarita;Joyous;Lenden;Cottom
3432;M;1991-10-04;Gorden;Vern;Castleman;Hame
2363;F;1992-03-19;Nita;Milli;Kunzelmann;Cansdell
2372;F;1998-03-29;Goldarina;Halli;Welbelove;Richen
3594;M;1992-09-03;Kingsly;Christopher;Farquarson;Withringten
3738;M;1984-05-24;Terrel;Aleksandr;Berceros;Trotter
3571;M;1986-09-15;Danya;Killian;Cullip;Steutly
3732;M;2000-12-23;Albie;Guillaume;Roycroft;Zeplin
3597;M;1991-03-07;Humfrey;Bendick;Redon;Bellelli
2447;F;2002-06-27;Yovonnda;Susana;Smith;Scaife
2129;F;1984-10-01;Delphine;Liza;Flintoffe;Dunsmuir
2837;F;1977-11-12;Noami;Serene;Molen;Forrest
3595;M;1977-03-02;Tadeo;Garvy;Eeles;Brownbridge
2474;F;1994-07-03;Willyt;Rebecka;Jozsika;Goode
3941;M;1973-02-11;Mortimer;Welch;McGrann;Elliot
2028;F;1985-11-11;Flory;Maitilde;Jowle;Gouch
2667;F;2004-11-21;Shoshana;Lisette;Elderton;Sweed
3625;M;1990-03-01;Haze;Neal;Lamperd;Claiden
3069;M;1990-08-17;Torre;Skippy;Scotfurth;Pirdy
3098;M;1991-09-12;Alleyn;Friedrich;Stebles;Bushell
3541;M;2000-10-06;Derrik;Terry;Rawcliffe;Shilladay
3699;M;1974-01-29;Alasteir;Darcy;Klagge;Childers
2740;F;1978-07-02;Cori;Dasie;Bugler;Higgan
3182;M;1983-12-29;Gage;Eldon;Brisseau;Chugg
2529;F;2004-05-23;Kristin;Laurie;Warstall;Daviddi
2235;F;1972-10-05;Brittani;Retha;Khoter;Wyllie
2987;F;1998-07-09;Sal;Claribel;Partington;Lyle
3618;M;2000-07-07;Andros;Garrick;Tollit;Cords
3154;M;2004-05-31;Odey;Herman;Merigot;Brownsmith
3341;M;2001-09-04;Fin;Rooney;Lympenie;Hagan
2412;F;1971-03-04;Janice;Clo;Langeley;Sarjent
2397;F;1993-11-08;Cookie;Bobina;Fairy;Bendixen
3654;M;1991-12-20;Curcio;Ronnie;Britten;Slide
3985;M;1977-06-10;Ely;Terencio;Loos;Semmence
3518;M;2000-04-02;Al;Elwood;Handrek;Glading
2107;F;1980-10-19;Moselle;Yettie;Heyns;Eggins
2834;F;1988-09-24;Carmine;Jewel;Castano;Nodin
3115;M;1980-05-18;Townsend;Eldredge;Delagua;Brear
2339;F;1992-11-19;Lola;Christan;Brute;Heinritz
2785;F;1989-10-24;Isidora;Paula;Van der Son;Tynnan
2219;F;1976-06-11;Muffin;Maisie;Abramovitz;Kix
3421;M;1970-08-16;Agosto;Darwin;Johnikin;Kidner
3981;M;1981-10-06;Bourke;Bary;Jordan;Drugan
2144;F;1983-01-04;Fredra;Catarina;Dymock;Yearnes
3327;M;2004-06-25;Horacio;Urson;Kenealy;Havesides
3498;M;2003-10-19;Hansiain;Jamaal;Jenson;Wear
3776;M;1997-05-02;Calhoun;Rutledge;Gregan;Firmage
2847;F;1993-12-13;Rodi;Bellanca;Billyeald;Oldfield
3160;M;1998-07-11;Gav;Lonny;Staves;Rundall
2074;F;1982-06-27;Katine;Marney;Tiernan;Phillps
3320;M;1990-02-16;Shepard;George;Longstaff;Sains
2591;F;2005-09-01;Charity;Zsa zsa;Clarae;Codrington
3162;M;1989-03-28;Baron;Hailey;Bodycombe;Upston
3680;M;1987-01-27;Redd;Craggie;Thowless;Sucre
3120;M;1990-06-04;Levon;Law;Harbison;Whitton
3049;M;1998-08-09;Paquito;Myer;Rosenblad;Goddert.sf
3757;M;1982-06-21;Gray;Briant;Ibbott;Kitteman
3202;M;1975-08-29;Frederigo;North;Neale;Jeacock
2874;F;1977-05-17;Rhianna;Penelopa;Kasman;Dettmar
3416;M;1998-03-12;Em;Norbie;Churm;Newlyn
2425;F;1983-03-18;Joelie;Louisa;Greatex;Noel
3178;M;1978-08-31;Sylas;Luciano;Rudolfer;MacLachlan
3319;M;1991-02-22;Obidiah;Towney;Scripps;Phipson
3669;M;1980-09-30;Ennis;Toddy;Andriveau;Urridge
2046;F;1989-05-12;Michaelina;Myrtia;Peris;Haward
2893;F;1983-09-01;Kay;Livia;Scotson;Varns
2439;F;1997-07-28;Luise;Lynnea;Calbreath;Jerdein
3925;M;1975-10-09;Giavani;Leopold;Jennrich;Cushelly
2452;F;1983-01-26;Alma;Zitella;Severn;Umpleby
3431;M;1979-04-18;Heriberto;Dudley;Will;Lucius
3242;M;2001-01-17;Creight;Oby;MacGraith;Bernet
3915;M;1975-02-21;Connie;Paquito;Deer;Baynom
2151;F;1971-09-22;Shirlene;Danita;Gland;Catanheira
2012;F;1978-05-14;Agnesse;Tawnya;Purchase;MacKean
3509;M;2002-06-30;Averell;Fairfax;Swains;Tersay
2574;F;1975-01-30;Amy;Harrie;Thewys;Gooly
2871;F;1971-07-11;Rosmunda;Franky;Gulston;Eede
2111;F;1981-11-17;Blondell;Tallie;Kynston;Kilduff
3962;M;1980-03-02;Rollin;Porter;Ferrieri;Lawdham
2099;F;1996-08-21;Fina;Anica;Dust;Siley
2654;F;1999-10-22;Jenda;Loni;McIlroy;Augur
2141;F;1996-12-15;Janis;Shir;Poter;Flockhart
2246;F;1984-04-16;Lindsay;Regine;Finkle;Fayter
3783;M;2005-03-22;Garvey;Henry;Bleesing;Mitchinson
2256;F;1977-06-09;Shanda;Anabelle;Francescuccio;Farfull
3152;M;1976-11-16;Fairleigh;Rinaldo;Joist;Alpes
2380;F;1978-12-09;Matilde;Merola;Boulger;Doylend
3388;M;1990-06-08;Aldus;Mischa;Ellum;De Maria
3973;M;1986-04-22;Werner;Bendicty;Pethrick;Turbat
3315;M;2005-12-03;Parnell;Richart;Fuchs;Folke
3003;M;1991-03-19;Mark;Alonso;Holborn;Dougan
2521;F;1994-07-08;Tatiania;Arda;Keer;Ormesher
2831;F;1980-06-04;Daron;Malvina;Delgado;Carlet
3661;M;1987-04-28;Neils;Colby;Whiterod;Downing
3227;M;1977-09-09;Kinny;Edmund;Wallenger;Attwill
2518;F;1976-05-08;Hatti;Karylin;Hathwood;Thackston
2727;F;1980-10-11;Melba;Loralie;O'Bradane;Bigley
3728;M;1979-03-19;Gearalt;Paul;Busek;Griffin
3524;M;1988-05-06;Berton;Dave;Pestridge;Hamil
2764;F;1995-08-19;Nannette;Rozalie;Lathbury;MacGrath
3371;M;1995-10-30;Irvine;Prentiss;Aronoff;Kalewe
2647;F;1979-09-11;Damara;Cherri;Draisey;Van Daalen
2432;F;1976-01-23;Tobe;Johna;Nail;Kliement
3774;M;1980-06-01;Sawyer;Chan;Beagin;Knell
2123;F;1970-05-09;Winnie;Matti;Sibbson;Norway
3043;M;1977-02-01;Randy;Patrizius;Romeril;Sherr
2843;F;2002-05-01;Masha;Tanya;Pillans;Ziebart
3130;M;2001-04-10;Barthel;Kahaleel;Mainland;Bletcher
2049;F;1976-02-15;Tracy;Tabbitha;Manes;Tamblingson
3589;M;1994-04-06;Mar;Jedediah;Rosindill;Kevlin
2094;F;1990-07-03;Nelie;Jorie;Kemmer;Druitt
2725;F;1972-01-08;Lila;Peri;Guyton;Dripps
2362;F;1996-04-01;Ag;Kaye;Whatsize;Union
2750;F;1984-12-26;Clarice;Beitris;Aslum;Rickesies
2606;F;1986-09-23;Josepha;Ulrikaumeko;Nockalls;Broadbere
3394;M;1998-06-19;Barn;Michael;Riatt;Soeiro
3272;M;1998-05-09;Heriberto;Quill;Rosenzwig;Crankshaw
3742;M;1992-01-19;Flinn;Cobbie;Tuffley;Moisey
3758;M;1983-03-03;Ray;Marshall;Hatchard;Mitrikhin
3668;M;1970-06-17;Martainn;Link;Sole;Beverley
3328;M;1999-09-24;Upton;Arnuad;Moughtin;Gorioli
3617;M;1999-10-06;Levy;Gerard;Mewes;Andreas
3697;M;1975-06-22;Elliot;Ely;Devenish;Oxbie
3568;M;1982-04-18;Carson;Saxon;Hanway;Ellams
3104;M;2000-11-09;Boone;Wynn;Van den Velde;MacKain
3144;M;1978-04-14;Bary;Sanders;Bjorkan;Agge
2102;F;1999-04-05;Dionne;Pauletta;Briant;Kalberer
2471;F;2001-01-30;Hallie;Ashleigh;Baddiley;Hassell
3650;M;1978-10-12;Rickard;Sandro;Dumberell;Simmill
3576;M;1977-06-13;Killie;Leonidas;Cambridge;Galletley
3247;M;1992-09-17;Paul;Salmon;Rainville;Fildes
3561;M;1992-08-31;Lewes;Alonzo;Colter;Beebe
2943;F;1998-02-25;Barbey;Sheryl;Booty;Blindermann
3528;M;1986-01-20;Osmund;Eustace;Nixon;Tremblett
3067;M;1997-07-04;Mohandas;Cecilius;Sarre;Lehrahan
3930;M;1973-04-12;Hort;Solomon;Radin;Steely
2143;F;1989-03-06;Donnie;Nana;Grimbleby;St. Leger
3743;M;1994-10-28;Zaccaria;Rance;Woolf;Lyddon
2340;F;1997-06-06;Gerta;Mariel;Budding;Piatkow
3956;M;1988-02-25;Wade;Everard;Heustice;Vittery
2426;F;1997-10-31;Malena;Cindee;Eliaz;Sclanders
2844;F;1986-11-23;Tasia;Marsha;Conybear;Micah
3179;M;1981-02-03;Eldridge;Eugen;Watkiss;Hannigane
2423;F;1991-05-05;Amandie;Carla;Sitford;Cornelis
3599;M;1975-09-05;Paddy;Jeffrey;Matzeitis;Whitwam
3370;M;2001-09-27;Sholom;Jeff;Iacovuzzi;Fulmen
3075;M;2003-09-18;Salem;Vernor;Gerholz;Bellew
2841;F;1999-03-31;Hatti;Kiley;Hatch;Tireman
2694;F;2004-08-17;Wenona;Irena;Rome;Varnam
2450;F;1994-01-18;Pennie;Rose;Narrie;Tranmer
2248;F;1995-02-13;Mikaela;Tobi;Agneau;Tungate
2678;F;1988-06-18;Clarie;Wynn;Prendergrass;Croose
2125;F;1990-07-07;Agace;Celene;Etteridge;Stroban
2097;F;2002-04-13;Christye;Mathilda;Snelgrove;Finlater
3029;M;1989-06-01;Muhammad;Rik;Morin;Clearley
2996;F;1991-12-03;Adey;Kariotta;Rudgley;Djekic
2940;F;1984-12-02;Otha;Courtney;Earl;McHugh
2096;F;1981-06-20;Hannah;Livy;Presland;Kleine
2431;F;1987-05-20;Dasya;Tiphany;Deshorts;Eddington
2164;F;1974-09-16;Colline;Lucretia;Plaskett;Broadey
2930;F;1973-07-02;Bonni;Joycelin;Spering;Howells
3281;M;2005-08-27;Urbano;Curr;Drioli;Matevushev
3068;M;1976-04-25;Bradney;Graham;Gother;Dorton
2715;F;1971-10-16;Dotty;Sarine;Fingleton;Wedmore
3158;M;1983-12-31;Klement;Benedikt;Sharrock;Casebourne
2015;F;2003-12-06;Angil;Eddi;Izakoff;McDonogh
3604;M;1996-03-17;Gavan;Harbert;Bellelli;Croasdale
3610;M;1985-04-26;Rosco;Torrin;Huguenet;Yakuntsov
2230;F;1998-06-23;Consuelo;Leonie;Spire;Ketchen
3596;M;1997-01-19;Aluin;Dante;McLorinan;Pawlaczyk
2310;F;1983-05-05;Dedra;Josy;Matthiesen;Rany
3703;M;2002-11-16;Baird;Avram;Trask;Edmund
3781;M;1974-02-05;Barty;Errol;Deadman;Redwall
2978;F;1994-12-09;Chantal;Shara;Roskruge;Snalham
2579;F;2004-03-08;Almira;Verla;Gourdon;Nettle
2615;F;1971-08-14;Aundrea;Gusty;Althorp;Kestell
2210;F;2004-12-15;Haily;Aundrea;Hoofe;Le Marchand
3369;M;2000-02-10;Edgard;Leroi;Olivier;Cambridge
3744;M;1993-12-13;Bernard;Vassili;Pettett;Abbet
3173;M;1978-05-07;Ram;Geoffrey;Leverton;Waeland
2319;F;1984-05-22;Giustina;Sadie;Mattek;Mathwin
3407;M;1981-04-30;Merv;Jae;Lattie;Michelmore
3687;M;2004-12-01;Brock;Nikolaos;Riggoll;Earingey
2738;F;1987-05-11;Ronnie;Katrine;Dasent;Moultrie
2519;F;1996-03-05;Claudie;Kaia;Hunsworth;Reast
2828;F;1993-08-08;Mel;Page;Kipling;Harewood
2435;F;1977-05-28;Johannah;Darlene;Tayloe;Bute
2923;F;1993-02-11;Jenelle;Korry;Dobson;Dwelley
3836;M;2001-12-25;Adelbert;Sayres;Dickon;Powys
3230;M;1997-08-05;Ephrayim;Seamus;Bark;Russel
3174;M;1992-08-10;Moishe;Bail;Sprowles;Geindre
3651;M;1970-04-25;Kristian;Brnaby;Nuzzetti;Robison
3483;M;1987-04-06;Arin;Phip;Castano;Amerighi
3626;M;2000-10-31;Gay;Kippy;Arthars;Eastby
3710;M;2003-12-22;Brien;Alberik;Bellocht;Dunkerton
2212;F;1993-04-04;Lilian;Effie;Hellyar;Campana
2870;F;1982-02-13;Arlie;Pooh;Sainsbury-Brown;Brimblecombe
2146;F;1986-01-06;Tommi;Nomi;Oliveto;Biesty
3505;M;2000-08-31;Sheffy;Borg;McVitie;Szymonwicz
3876;M;1970-05-29;Creighton;Timoteo;Walcar;Pretsell
2163;F;1975-06-14;Kaylyn;Maryann;Beausang;Gelly
3628;M;1988-08-01;Vinson;Ev;Matsell;Pottberry
3504;M;1988-04-06;Isidor;Gaston;Dunning;Shackell
2064;F;2003-01-17;Anna-diana;Karlie;Algar;Mordey
3046;M;2000-11-28;Germain;Gaspard;Porkiss;Derrington
2386;F;1976-05-23;Evelina;Latisha;Petrazzi;Shafto
2066;F;1979-11-21;Tildie;Alyce;Garner;Rudledge
3349;M;1997-02-20;Cortie;Shaun;Kneebone;Slocket
2048;F;2004-03-03;Elset;Darelle;Schust;Reedshaw
2673;F;1983-05-05;Nerty;Emlyn;Fidoe;Sandilands
2821;F;1977-07-07;Holli;Sydel;Kensy;Dicte
2543;F;1976-11-22;Emmalyn;Adriane;Rickeard;Friedlos
2113;F;2003-08-30;Erminia;Fan;Kerins;Stone
3251;M;1989-12-25;Flynn;Obadiah;Dellenbrok;Cowen
2354;F;2001-03-07;Chad;Cornela;Antonucci;Seccombe
3590;M;2001-05-28;Vaclav;Chaim;Gravet;Earngy
3072;M;1984-03-10;Niven;Clyve;Verma;Folbige
2053;F;2000-11-01;Natalina;Stevena;O'Noland;Cocke
3020;M;1986-03-07;Abelard;Horacio;Bartell;Nugent
3870;M;2002-04-13;Burt;Curcio;Fullard;Townsend
2136;F;1980-01-06;Virgie;Else;Belfit;Cicetti
2550;F;1981-02-15;Kameko;Ivett;Rawcliffe;Gagg
3935;M;1988-04-05;Sander;Antoine;Gutch;Alenov
3745;M;1999-04-24;Pate;Tadd;Paddeley;Morden
2507;F;1974-05-05;Maddy;Jonell;Brame;Irlam
2268;F;2005-02-24;Delora;Juana;McIlwraith;Pittwood
2908;F;1984-11-30;Elna;Amie;Reicharz;de la Tremoille
3294;M;1990-02-16;Barry;Arron;Dipple;Mcmanaman
3853;M;1993-02-09;Bondie;Tedd;Marwick;Slobom
3621;M;1991-03-23;Derrick;Ruby;Leitche;Brisco
3762;M;1986-12-21;Davidson;Bryon;Gilyatt;Jancic
3735;M;1971-04-03;Artur;Lemmy;Ondrich;Higgonet
3888;M;1972-05-20;Lorin;Moise;Jurkiewicz;Snare
2242;F;1986-10-29;Cloris;Holly;Nelthorpe;Durrett
2794;F;2004-12-23;Marielle;Ag;O'Neal;Coppins
3784;M;1987-03-24;Lutero;Thebault;Beningfield;Tapper
2195;F;1981-11-22;Corabelle;Helene;Gronaver;Brockton
3830;M;1992-06-05;Marlin;Zared;Eskrick;Wollers
2959;F;1984-02-26;Riva;Peri;Waplington;Ajsik
2506;F;1976-05-28;Daveen;Brietta;Bridat;Postle
2055;F;1993-12-08;Mahala;Elnora;Adolphine;Petrelluzzi
3826;M;1970-11-24;Mathe;Waldo;Dane;Skedge
2023;F;2003-04-11;Susanna;Fan;Headford;Troman
3468;M;1970-01-20;Ingmar;Ambrose;Paoloni;Temlett
2623;F;1997-07-04;Fredericka;Tasia;Proske;Collard
3998;M;1978-06-21;Barron;Richmound;Denisevich;Pountain
3263;M;1976-08-21;Ambrose;Giuseppe;Mars;Burghill
2626;F;1997-05-01;Bea;Pearl;Rawlence;Brewett
3358;M;2000-08-28;Ernst;Hermann;Lindl;Marginson
3764;M;1990-01-21;Fair;Ivan;McKeeman;Duckels
3658;M;2000-03-17;Murry;Isidor;Mish;Beven
2973;F;2004-12-14;Malinda;Bobbie;Cromie;Wensley
3482;M;1973-01-14;Isa;Lindsay;Lambersen;Worthy
3725;M;1990-01-16;Lyell;Arne;Baltrushaitis;Deneve
3856;M;1995-01-17;Clayson;Eric;Mattiello;Pennazzi
3223;M;1986-11-29;Daven;Kliment;Bucky;Letch
3218;M;2005-08-11;Giles;Bondon;Willas;Pettican
3329;M;1982-02-26;Hayes;Elihu;Ickeringill;Germann
3285;M;1991-04-17;Artemus;Alleyn;Linstead;McBeth
3730;M;1988-10-18;Wallie;Kaspar;Zanolli;Gadaud
3417;M;1982-03-06;Jodie;Stewart;Southward;Braniff
3627;M;1971-05-16;Randi;Rockie;Wardington;Kemwal
2697;F;2002-11-13;Giuditta;Joyan;Caseri;Renforth
3280;M;2004-09-14;Gal;Olivier;Bibey;Tethcote
2829;F;1992-09-26;Hinda;Heddi;Tichelaar;Forlonge
2030;F;1997-02-09;Katey;Janifer;Spensley;Purbrick
2811;F;1994-05-25;Rosemarie;Lorette;Ranson;Swinglehurst
3842;M;1996-10-05;Jarrid;Jerald;Perchard;Bentley
2148;F;1975-12-12;Addi;Gabriella;Skaife;Durtnall
2479;F;2002-02-22;Candide;Sydney;Mangion;Spread
2638;F;1970-01-17;Mamie;Mara;Epton;Pontin
2187;F;1999-11-05;Latia;Casi;Shadfourth;Rowling
3508;M;1986-01-11;Vincents;Ferdy;Slyvester;Saleway
3549;M;1982-06-07;Lucio;Land;Cosgrove;Jancy
3506;M;1970-08-21;Carey;Rancell;Van der Beek;Fawssett
3074;M;1999-10-13;Cozmo;Cullan;Dykes;Zuann
3583;M;1989-11-03;Sarge;Antoni;Patria;Cleyburn
3022;M;1978-07-07;Dore;Adan;Denkel;Villa
3734;M;1992-12-01;Crichton;Woody;Sowersby;Grinyov
2477;F;1976-11-02;Ainsley;Jasmina;Di Dello;Valens-Smith
3815;M;1974-06-01;Anthony;Noland;Phipps;McAlindon
3630;M;1999-06-01;Garwin;Tyson;Wavish;Sach
2358;F;2005-09-20;Elie;Roana;Coners;Hritzko
2919;F;1988-06-28;Dasi;Carolyne;Charters;Baulk
2194;F;2002-11-06;Corliss;Vere;Richardot;Righy
3138;M;1971-12-10;Herby;Iggie;Seath;Sharphurst
2752;F;1978-01-23;Mariquilla;Carin;Maycey;Lugg
2851;F;1993-03-29;Heather;Anya;Malam;Stanex
3912;M;1974-03-31;Jimmy;Ellerey;Marqyes;Bril
3828;M;1997-07-10;Lockwood;Clarence;Moran;Furzey
3550;M;1973-02-19;Conrade;Bronny;Mayhead;Galpen
3085;M;2005-04-27;Nikos;Eldin;Girardet;Fields
2359;F;2001-03-07;Jermaine;Lanita;O'Mannion;Waycot
2652;F;1975-08-21;Anastasia;Linnie;Hackney;Scales
2675;F;1986-05-22;Lotty;Arabella;Duchatel;Chatin
3936;M;1972-05-11;Cullen;Ernst;Winfield;Quigg
2001;F;1972-09-11;Carroll;Barrie;Oleksiak;Rosas
3477;M;1995-08-30;Morry;Bartel;Bernucci;Leopard
3829;M;1979-06-28;Zacharia;Fitzgerald;Gonnelly;Sharratt
3380;M;1995-07-19;Birch;Waring;Arno;Le Moucheux
2595;F;1982-12-04;Rachel;Danita;Gales;Ireland
2572;F;1989-07-11;Melinda;Libbie;Colliber;MacKaig
3375;M;1996-10-30;Hewie;Ric;Olivier;Stair
2551;F;1975-06-09;Dulcia;Dorothee;Oattes;Sutehall
3406;M;2002-03-10;Curr;Symon;Howes;Filasov
2770;F;1971-09-02;Jennilee;Francisca;Ponceford;Harriot
2290;F;1989-04-18;Angelia;Ynez;Burde;Slora
3216;M;1999-01-09;Biron;Jordan;Ellerey;Offiler
2775;F;1990-09-05;Ivette;Erminia;Gianinotti;Laste
3563;M;1985-02-28;Caddric;Terrell;Gooders;Sarrell
2011;F;1976-10-22;Malynda;Astrix;Reedyhough;Sapwell
3000;M;2000-07-02;Les;Ezekiel;Starsmore;Joul
3437;M;2000-06-01;Euell;Sauncho;Cauderlie;Hansbury
3533;M;1986-06-17;Karlik;Obadiah;Leat;Rozenbaum
3004;M;1975-11-08;Sansone;Randi;Woodier;Melan
3191;M;1999-04-24;Reinwald;Raviv;O'Carran;Halcro
2768;F;1988-08-19;Lacee;Darcie;Gridley;Duddell
3095;M;1972-02-21;Donal;Lay;Farrell;Camamile
2167;F;2003-10-28;Jodi;Emmalyn;Driscoll;Buckel
3570;M;1980-04-05;Muffin;See;Jago;Jewel
2270;F;1994-05-21;Clare;Eileen;Rabson;Lidgate
3471;M;1986-04-26;Rancell;Phineas;Cadwallader;Klaus
2004;F;1992-12-28;Fiona;Cherise;Silmon;Skatcher
3042;M;1983-06-07;Conney;Whitby;Asals;Hussy
3070;M;1984-07-21;Stinky;Frazer;Duncklee;Baum
3236;M;1985-10-27;Trev;Georgie;Bissett;Dobkin
2489;F;1981-07-04;Lacey;Eddi;Sparling;Cesaric
3958;M;1982-09-23;Oliver;Roley;MacIlurick;Hopfer
2964;F;1992-10-31;Iolande;Christen;Farey;Hathaway
2819;F;1986-06-02;Maud;Sula;Overel;Farrance
3795;M;1980-05-20;Carrol;Rollie;Gurnell;Tofano
3441;M;2000-12-21;Lonnie;Packston;Bessey;Brundle
3914;M;1992-10-07;Trey;Westleigh;Lillie;Meeson
2415;F;1991-06-09;Katey;Henrieta;Regenhardt;Deguara
3982;M;1996-06-12;Frazer;Burl;Cessford;Poulden
2674;F;1979-05-16;Maren;Marylin;Cahillane;Alkins
3635;M;1975-11-22;Dominik;Bartholomeus;Insole;Pullar
3689;M;1979-08-10;Sid;Ash;Jellman;Baldassi
3753;M;1973-05-16;Avictor;Antons;Elsmore;Gauvain
3963;M;1995-06-16;Hogan;Rick;Spittall;Pollen
3544;M;1993-09-13;Aube;Moises;Clowes;Dudgeon
2807;F;1984-08-07;Babita;Crystie;Berry;Kernar
3491;M;1988-01-04;Tonnie;Baldwin;Yardley;Crittal
3381;M;1975-01-14;Roddy;Jasper;Andrea;Peeke
3986;M;2004-10-21;Andrus;Hayes;Dymocke;Robertet
3283;M;1985-06-18;Neville;Gordan;Netley;Spark
2208;F;1982-09-25;Letty;Silvie;Cheeke;Bromwich
3575;M;1970-09-10;Cletis;Gerald;Calven;Soot
2039;F;1985-06-23;Raynell;Mair;De Ath;Kuzemka
2723;F;1996-09-20;Paula;Kassia;Cutill;Niblock
3884;M;1990-07-15;Agosto;Irwin;Raveau;Dacke
2485;F;1982-08-02;Julia;Delphine;Ferrettino;Simm
3954;M;1983-07-30;Cobb;Davis;Swett;Battey
3342;M;2000-02-09;Aymer;Burk;Brettoner;Dailly
3729;M;1987-11-11;Quent;Gene;Irlam;Kolodziejski
2250;F;1985-08-20;Grata;Nettie;Mower;Reppaport
3970;M;1977-01-02;Nowell;Roberto;Ledwidge;Audenis
3427;M;1980-08-26;Cornelius;Flint;Kibel;Cleveley
2400;F;1983-10-01;Ardine;Tessi;Bonnette;Stanlick
3788;M;1995-09-01;Trevar;Thedric;Lowerson;Woodley
3150;M;1984-12-24;Benton;Collin;Legrand;Caile
2337;F;2002-05-20;Elsey;Marylin;Clegg;Spoure
2746;F;1985-01-04;Dreddy;Adelina;Aleksandrev;Koche
2498;F;1979-11-24;Britt;Missie;Fraczak;Alenin
2584;F;2005-09-22;Leoine;Emili;Aplin;Swinnard
2607;F;1980-11-17;Sallyanne;Sarajane;Smeath;Curtoys
2162;F;2001-07-04;Maurise;Kassi;Trematick;Gascar
2476;F;1979-04-18;Jolene;Bunnie;Boscher;Cicconettii
3219;M;1985-09-08;Darnall;Vinson;Laird-Craig;Grasner
2350;F;1985-07-22;Adelaide;Shel;Nipper;Sibbet
3425;M;1998-06-29;Marwin;Alasteir;Pharo;Slisby
3201;M;2002-10-19;Wallie;Clemente;Shank;Harland
3372;M;2001-07-24;Herb;Salvador;Noirel;Zupo
2458;F;1991-03-25;Natasha;Umeko;Kersley;Akenhead
3193;M;1997-05-29;Michael;Ignace;Losano;Danihel
3050;M;1978-01-20;Jamill;Roderick;Ainsbury;Sweetlove
2960;F;1990-05-05;Corella;Kalina;O'Sharry;McGregor
2530;F;1978-07-03;Ilene;Philippa;Powys;Kuna
2231;F;1991-01-11;Candis;Evangelia;Robertot;Domenget
3987;M;1976-08-22;Ryun;Marchall;Clifforth;Largen
3574;M;1996-01-04;Levon;Neel;Howell;Quiddington
2087;F;1996-01-12;Lethia;Bobby;Kroin;Brixey
3852;M;1984-12-04;Desmond;Davide;Duer;Rickman
2236;F;1970-12-07;Megan;Marilee;Gulston;Lonnon
3195;M;1971-03-11;Neils;Garvy;Newark;Billsberry
3123;M;1976-07-16;Rice;Lyle;Anniwell;Swatridge
2708;F;1975-03-12;Rochelle;Hatti;Ecclestone;Denington
2747;F;2003-07-23;Agneta;Darice;Mathers;Acland
3058;M;2002-11-22;Hasheem;Gaultiero;Drewet;Eallis
2475;F;2002-09-24;Jacquenetta;Matty;Copcutt;McGann
2568;F;1997-04-04;Melody;Roanne;Di Biagio;MacGaughy
2786;F;1990-06-17;Sharon;Ebba;Pimer;Spinage
2558;F;1987-12-31;Atalanta;Dosi;Postans;Clink
2220;F;1996-07-25;Alis;Kelci;Lamberton;Brasner
3298;M;1982-06-10;Augie;Mitchell;Pickrell;Scannell
2554;F;1988-03-29;Silvana;Page;Bum;Dreini
2321;F;1975-12-19;Raychel;Hyacinth;Hansie;Roof
3948;M;1974-05-21;Henrik;Abran;Comsty;Boreham
2036;F;1977-10-06;Alia;Cory;Ortiger;Cardnell
3633;M;1988-12-23;Svend;Broderic;Dalgetty;Jeaycock
3768;M;2000-01-24;Grant;Taylor;Dryden;Semour
2293;F;1971-08-01;Aleen;Fernande;Havock;Deschelle
3754;M;1970-02-19;Royall;Barnabe;Tigner;Flawn
3890;M;1971-12-24;Jerrie;Delmer;Borel;Camilleri
3318;M;1972-11-20;Winfred;Tann;Espinos;Bartunek
3976;M;1981-06-24;Arnoldo;Carolus;Duckit;Robben
3812;M;1988-09-15;Mick;Bord;Morratt;Polotti
2827;F;1977-08-29;Carmina;Dyanna;Barczewski;Oggers
2128;F;1989-06-09;Kathlin;Gus;Dingsdale;Allright
3078;M;1982-07-29;Archibold;Raffarty;Easton;Pehrsson
3615;M;1982-11-04;Conny;Curtis;Rudolf;Coghlan
3361;M;2001-01-12;Creight;Johnnie;Philipson;Haley
3695;M;1989-11-22;Armstrong;Stevy;Di Nisco;Campion
3542;M;1997-08-12;Bayard;Shea;Deniset;Jozwik
3084;M;1992-07-13;Jere;Simon;O'Beirne;Quantick
3664;M;1985-10-27;Griffith;Juan;Joye;Wimpenny
3791;M;1992-05-28;Haroun;Gilberto;Guillem;Whoolehan
2283;F;1984-04-21;Rosalia;Feodora;Daveridge;Greenmon
3760;M;1973-04-23;Bearnard;Tobin;Laye;Janca
3278;M;1987-08-16;Delaney;Ethe;Tuley;Bertholin
3612;M;1985-12-03;Parnell;Simone;Face;Gregori
2396;F;1988-09-13;Evanne;Pearla;Bus;Kyffin
2461;F;1987-03-16;Adoree;Lyssa;Challen;Harden
2157;F;1973-09-06;Eugenia;Marlane;Torrisi;Nano
3026;M;2000-06-19;Don;Peirce;Tottem;Leeder
2859;F;1989-03-24;Kary;Dorry;Andric;Treadway
3317;M;2002-06-03;Bern;Alair;Cawthry;Foli
3082;M;1995-10-01;Euell;Salomon;Valadez;Menhci
3053;M;1983-01-08;Felike;Seumas;McGhie;Philliphs
2641;F;1994-12-03;Mallissa;Jacky;Bilfoot;Davidde
2985;F;1979-01-19;Louisa;Rosalie;Pendergrast;Warrender
3353;M;1982-02-07;Dalis;Ambrosi;Lobb;Blaiklock
2967;F;1989-09-10;Sabrina;Joanne;Lies;Eley
2158;F;1974-05-07;Fidela;Glori;Challinor;Doogan
3175;M;1988-08-23;Gerick;Bernie;Ebertz;Staunton
3927;M;1980-03-24;Elsworth;Dew;De Gregorio;Ashingden
3459;M;2005-07-12;Brigg;Frants;Calkin;Hand
3362;M;1987-09-10;Hymie;Alphard;Greson;Barsby
2189;F;1999-03-24;Lolita;Teressa;Biskupski;Effemy
3684;M;1994-01-07;Gustavo;Shaw;Spores;Tomaskov
2017;F;1991-08-19;Cynthia;Ciel;Petr;Spadeck
3942;M;1996-08-24;Berne;Angus;Jore;Ewbanche
3062;M;1981-02-12;Roi;Colan;Auguste;Oggers
3466;M;2003-01-15;Hastie;Billie;Codeman;Washtell
3151;M;1984-02-18;Hillard;Ruttger;Geldeard;Lakeman
2612;F;2004-06-27;Norma;Kacie;Windibank;Tremoille
2571;F;1970-02-18;Wren;Aretha;Nehlsen;Peak
2263;F;1995-10-13;Uta;Cherish;Tosney;Oxnam
2848;F;1977-08-19;Anett;Glennis;Brock;Ambrosetti
3648;M;1980-01-23;Nehemiah;Ty;Clutheram;Etherington
3410;M;1998-02-11;Wald;Christopher;Thrift;Rablin
2370;F;1980-01-05;Lolita;Diane;Bragge;Aberkirdo
2470;F;1993-04-21;Aggi;Alvira;Hixson;Venny
3234;M;1992-05-27;Granger;Rodger;Cotgrove;Guynemer
3473;M;1993-02-12;Romeo;Morlee;Leppard;Whiterod
2666;F;1985-08-08;Valentine;Tamqrah;Vickress;Jaszczak
3203;M;1986-09-08;Agosto;Kirk;MacNeice;Hannum
3582;M;1994-03-29;Ephrem;Baxie;Ronaghan;Dyott
2209;F;1974-07-14;Klara;Liana;Itzakovitz;Drewe
3052;M;1984-01-24;Wilek;Dukey;Heisman;Prout
2241;F;1991-07-12;Elonore;Ginnifer;Rodgers;Mart
2076;F;1982-09-22;Goldie;Shelbi;Angrick;Breckell
3332;M;1988-04-18;Gunner;Ade;Iacofo;McGarrity
2156;F;1989-09-04;Gus;Amandy;Sobtka;Halbord
2885;F;1988-04-24;Lauraine;Marillin;Jizhaki;Postance
3889;M;1981-06-28;Laurent;Tuck;Purslow;Lattin
3865;M;1983-10-21;Alfie;Jordon;Dryden;Reynold
2730;F;1974-07-03;Catrina;Grace;Guest;Kenryd
2232;F;1999-12-02;Valeria;Beitris;Plowell;Cockayme
3063;M;2003-09-27;Vick;Ralf;Pleasaunce;Dumphreys
2565;F;1972-08-17;Kaitlyn;Astrix;Muspratt;Krzyzanowski
3147;M;1980-05-06;Emanuele;Bastian;Ablott;Janczyk
2622;F;1988-01-25;Jacklyn;Sibella;Crosby;Asbury
2817;F;1971-01-19;Sioux;Helga;Mulder;Hows
2050;F;1989-04-04;Con;Joni;Screach;Blease
3920;M;1994-12-01;Guthrie;Padraig;Ashness;Paulo
2234;F;1999-09-27;Michelle;Arlyne;Georger;Sneden
3875;M;1991-08-30;Eldredge;Scott;Padden;Luckie
3229;M;1999-11-23;Levon;Mattias;Ruddock;Obbard
2211;F;1971-12-16;Bea;Leilah;Barrowcliff;MacCostye
3857;M;1977-06-21;Gard;Robby;Beauly;Hylden
2686;F;1994-07-30;Christalle;Fidela;Winsom;Widdowfield
3605;M;1972-12-11;Kendricks;Hadlee;Dyerson;Merricks
3041;M;1986-12-27;Kristo;Fabe;McWhannel;Duerden
2216;F;1980-09-15;Margeaux;Elfie;Thoday;Mateos
2258;F;1999-05-21;Nert;Bambi;Sowle;Runge
3720;M;1973-09-24;Nils;Hy;McMahon;Amsberger
2749;F;1979-02-21;Adele;Grissel;Scanlan;Rehorek
3855;M;1986-02-06;Claudio;Lincoln;Cerith;De Brett
3190;M;1978-06-16;Zebadiah;Shay;Revens;O'Kane
2601;F;2001-08-20;Amalia;Marlee;Charge;Goldie
2054;F;2005-11-02;Jenilee;Arabel;Pointon;Winscomb
2648;F;1985-04-15;Doretta;Maurita;Pignon;Dixie
2877;F;1980-05-27;Alys;Ami;Drexel;Passmore
2501;F;1989-12-18;Josy;Giralda;Dykins;Hesey
2364;F;1972-11-28;Tedda;Gilberte;Germann;Sange
2522;F;1993-03-22;Kakalina;Suzanna;Wallbank;Fussie
2044;F;1976-12-05;Aloisia;Dolley;Workes;Trebble
3665;M;1971-09-02;Magnum;Curry;Yesipov;Comino
3384;M;1993-05-25;Bartholomew;Rupert;Miguel;Tinklin
2347;F;1975-10-27;Mureil;Mariquilla;Brockie;MacTerrelly
2758;F;1990-11-12;Rachael;Scarlet;Wakelin;Dyer
2566;F;2005-04-05;Dorene;Gavra;Sawart;Clifft
3105;M;2002-07-09;Emery;Bat;Burry;McCafferky
2925;F;1998-01-03;Fifi;Florina;Hellier;Saltsberg
2313;F;1996-06-06;Tony;Nettie;Laming;Bray
2505;F;1986-07-12;Lissie;Stormie;O'Corrane;O'Lunny
3640;M;1978-02-20;Joe;Claudell;Todd;Clausius
2285;F;1972-03-26;Marlane;Sharl;Albinson;Samsin
2879;F;1973-02-18;Grazia;Rivalee;Cometson;Stowell
3155;M;1992-10-16;Kearney;Cyril;Seyffert;Aleixo
2449;F;1983-06-21;Brittany;Muire;Prestland;Hutcheon
3336;M;1986-06-06;Gannie;Robers;Greswell;Ondra
2205;F;1996-12-31;Lorianna;Sindee;Osgar;Normanvell
3634;M;1998-08-30;Hugh;Hazel;Chaloner;Wimbury
3819;M;1981-05-22;Boyce;Burtie;Fuzzens;Antal
3844;M;1973-02-02;Filmer;Shaughn;Corbie;Pitrollo
3257;M;1979-10-19;Grove;Johnathon;Stuckford;Rottery
2345;F;1982-12-04;Muire;Alica;Breslau;Berriman
2809;F;1970-07-24;Maia;Paige;Hume;Battersby
2836;F;1979-01-21;Dolorita;Marilyn;Durtnell;Mc Caghan
3999;M;1984-12-27;Rowland;Sheffy;Brodest;Pullen
3916;M;1976-11-12;Davide;Kelbee;Speir;Howden
3402;M;1995-03-23;Wilek;Garner;Goodridge;Kerkham
3446;M;1981-09-28;Holly;Oates;Crinkley;Newsham
3296;M;1987-02-28;Warde;Carlo;Biles;Thornthwaite
3373;M;1977-04-10;Burr;Tedman;Golley;Dungate
3560;M;1972-04-17;Austen;Hilario;Sapson;Blacklock
2915;F;1972-03-15;Vina;Reiko;Ranscome;Seabridge
2445;F;1994-05-09;Laurella;Renate;Collingdon;Sturrock
3226;M;1988-01-22;Davis;Drew;Fortin;Goolding
3099;M;2003-10-03;Patten;Vlad;Daburn;Berens
3040;M;1977-04-16;Mahmud;Cesar;Tytcomb;Heymes
3807;M;2001-10-14;Maurits;Yardley;Hammerstone;Sarton
3187;M;1986-12-30;Mandel;Mortie;Poston;Troup
2808;F;2003-04-26;Drusie;Eden;Cordeau];Conochie
3480;M;1976-03-19;Willey;Seth;Bille;Dowbakin
2133;F;2004-04-17;Mikaela;Karil;Drillingcourt;Butchart
3066;M;1998-12-23;Horton;Skelly;Kemshell;Eastlake
3083;M;2004-02-14;Rudie;Peyton;Tremouille;MacAllester
3536;M;1994-04-26;Billy;Beaufort;Bardwall;Ivison
3232;M;1999-06-21;Herc;Keen;Hellewell;Castro
3299;M;1981-03-28;Sonnie;Abbott;Rudledge;Ruger
3116;M;1996-11-18;Nigel;Rudie;Billison;Lantry
2303;F;1975-07-30;Brigida;Cristabel;Ballinger;McComish
2830;F;2001-01-12;Arlana;Malanie;Gorriessen;Beynon
3057;M;1974-10-18;Udall;Norrie;Uvedale;Sergent
3334;M;1986-10-04;Reagan;Emerson;Hebborne;Mc Harg
2382;F;1995-06-01;Ethelin;Hadria;Olivie;Passie
2302;F;1972-04-21;Ofelia;Devi;Larose;Ogilvie
3196;M;1975-01-28;Bastien;Cliff;Chat;Corain
3673;M;1986-08-01;Morse;Nevil;Whiteway;Haverson
3688;M;1973-01-28;Gavan;Gorden;Slane;Roan
2729;F;1993-06-29;Randee;Ivett;Kubas;Marquez
2632;F;1991-09-21;Rosette;Maritsa;Moorman;Noar
3142;M;1984-08-31;Normand;Marco;Micklewright;Stratton
2010;F;1980-10-04;Wandis;Glyn;Boat;Yves
3724;M;1990-10-20;Benedict;Gregory;Scriven;Cox
2348;F;1990-02-01;Mirabelle;Verile;Haffner;Mangenet
3492;M;1979-05-06;Vern;Morly;Amoss;Kemmey
3643;M;2003-10-10;Karlens;Ingamar;Megahey;Galiford
3360;M;1972-03-27;Saundra;Courtney;Molan;Downey
2352;F;2004-08-24;Stace;Rori;Whifen;Noton
3300;M;1982-10-25;Cal;Terrell;Spacy;Peracco
3843;M;1979-06-28;Eddy;Orren;Pigdon;Battersby
2330;F;1988-11-14;Cherida;Linnell;Dolder;Lief
2196;F;1970-08-04;Donna;Kimberlee;Scarth;Goering
3693;M;1971-11-18;Sean;Salomo;Allcroft;Duinkerk
2692;F;1999-08-07;Leonora;Ibby;Forsaith;Heardman
3824;M;1987-10-25;Eamon;Bern;Callway;Cumbridge
2440;F;1981-04-14;Goldina;Trenna;Himsworth;Steven
3005;M;1992-10-05;Bev;Ev;Benneton;Leveritt
2280;F;1991-04-13;Jasmina;Meridith;Haithwaite;Crumbleholme
2338;F;1986-02-26;Jordana;Heda;Boscher;Moorman
2950;F;1972-08-13;Dulcea;Xenia;Cockitt;Wem
2813;F;1976-02-03;Jolynn;Ina;Lourens;Beevor
3713;M;1974-04-08;Chet;Emerson;Ducaen;Sirey
2832;F;1990-11-13;Henka;Janeczka;Nezey;Farloe
3279;M;2000-07-18;Blake;Huberto;Youthead;McClune
2455;F;1984-05-24;Devonna;Trudi;Dargie;Ketteman
2037;F;2000-07-26;Gaynor;Anastasie;Megarrell;Woodvine
2644;F;1984-06-02;Cyndi;Celia;Bayford;Hendriks
2722;F;1995-06-07;Melanie;Donetta;Treverton;Skillings
2905;F;1973-04-01;Elicia;Debi;Henric;Flexman
2976;F;1998-04-03;Sibelle;Camellia;Beton;Dibley
3886;M;1974-10-05;Hunt;Geoff;Gilderoy;Flott
3696;M;2003-04-02;Brigham;Ethelred;Senchenko;Just
2608;F;1994-02-04;Edna;Peggy;Innocenti;Pavlovsky
3348;M;1984-01-25;Dolf;Zedekiah;Monkleigh;Kase
3086;M;2005-04-08;Joe;Karim;Dancy;Leving
2769;F;1981-08-15;Ezmeralda;Anastasia;Bolver;Bortolotti
3800;M;1995-10-27;Rolfe;Jayson;Garmey;Sneezum
2401;F;1982-01-29;Dione;Brittne;Aubury;Kop
2916;F;1982-04-22;Shelagh;Ranee;McGeever;Issakov
3143;M;1976-03-23;Arri;Johnathan;Cadd;Froom
3750;M;1972-08-12;Barnabas;Krisha;Partridge;Kristof
3849;M;1976-10-25;Ray;Hervey;Peschmann;Knapton
2526;F;1998-09-08;Marjie;Mimi;Wehner;Lethebridge
2116;F;1977-10-14;Emlyn;Tina;Middlemist;Grissett
2883;F;1975-05-31;Dyanne;Nell;Bilbrey;Denton
2751;F;2003-03-05;Noel;Millicent;Sultana;Goor
3335;M;1992-03-25;Kennan;Alwyn;Parmenter;Spoole
2088;F;1977-03-09;Kai;Netty;Hellin;Romera
2583;F;1985-04-14;Eveline;Vilma;Chitter;Baynard
2059;F;1998-10-13;Katina;Corey;Guilayn;Giraudel
3955;M;1986-04-25;Desi;Garold;Avey;Marsie
3289;M;1982-05-14;Tynan;Derrek;Helstrip;Kluge
2065;F;1981-03-05;Myrta;Melesa;Molines;Gannan
3602;M;1987-03-01;Byron;Benjy;Battams;Westby
3559;M;1980-08-22;Rene;Samuele;Gerge;Chaff
2240;F;1982-05-07;Dede;Felice;MacEnelly;Ruggs
2416;F;1995-12-09;Elaine;Gabey;Tilley;Deabill
2160;F;2001-11-30;Linet;Jenni;Rosewarne;Hobben
2739;F;1978-03-16;Eleen;Mellie;Segoe;Milne
2177;F;1980-05-28;Marrilee;Marlena;Noads;Santoro
2387;F;2001-12-08;Erin;Merlina;Naulls;Commusso
3262;M;1999-06-25;Marc;Sydney;Chadburn;Hanaby
2404;F;1991-09-06;Querida;Prudence;Fishenden;Hrishchenko
3054;M;1993-11-08;Leicester;Roosevelt;Joynes;Eminson
2790;F;1994-10-09;Laryssa;Tabitha;Ertel;Windybank
3039;M;1997-12-24;Mohandas;Buckie;De Micoli;Pestell
3838;M;1987-12-22;Baron;Hewet;Aleksahkin;Reilinger
2494;F;2004-11-04;Ira;Gene;Wetherby;Largent
2060;F;1977-05-13;Ophelia;Grete;Frosdick;Dodswell
2971;F;1979-06-06;Arda;Meghan;Vaudin;Rebillard
2215;F;1988-02-04;Corine;Ronni;Borg;West
2661;F;2001-02-12;Valry;Micki;Organer;Maddock
3429;M;1987-08-18;Eberhard;Clementius;Klimp;Ottewill
2882;F;1986-07-06;Alvina;Dionis;Woolfoot;Speakman
2201;F;1999-05-24;Minny;Deidre;Alves;Leng
3939;M;1981-06-13;Nikolos;Franzen;Gilardone;Noore
2110;F;1992-08-13;Lily;Carlye;Muckeen;McCrea
3304;M;2005-05-25;Morry;Mohandis;Goodhew;Gallego
3017;M;2001-02-13;Percy;Shurlocke;Seeley;MacCathay
3428;M;1993-01-01;Andres;Leicester;Weine;Gadman
3639;M;1972-05-10;Alic;Cyrus;Girault;Blaise
2509;F;1991-01-01;Natasha;Augustine;Goodwin;Carberry
3960;M;1977-01-06;Issiah;Clarance;Naden;Presidey
3619;M;1987-03-30;Byrle;Garek;Robiou;Dowdney
2342;F;2001-09-01;Aveline;Mella;Pear;Tatchell
2582;F;1987-02-26;Grier;Georgeanna;MacAiline;Illiston
2326;F;2004-04-25;Dode;Olly;Foister;Elliff
3775;M;1971-01-28;Weston;Javier;Whelan;Ranby
3978;M;1978-08-13;Bearnard;Virge;Nelhams;Nunns
2413;F;1996-08-28;Sybilla;Noell;Stealfox;Croll
3895;M;1984-10-20;Augusto;Jonah;Bowring;Dimitriou
2459;F;1988-04-17;Cosette;Johnna;Conville;Collier
2069;F;1993-05-22;Leena;Florie;Whaymand;Keelin
3163;M;2004-02-25;Taylor;Sutherlan;Charlet;De Witt
2137;F;1977-11-03;Vicki;Sallee;Mander;Suche
3632;M;1998-08-31;Marmaduke;Cece;Hasselby;Aberkirder
3780;M;1984-02-29;Jefferey;Thedric;Rudge;Gorini
2531;F;1995-12-06;Bethina;Patrice;McCuish;Laying
2555;F;1970-04-14;Karie;Bernadine;Boyfield;Colerick
3458;M;1991-07-13;Ev;Fernando;Gauntley;Brampton
3119;M;1987-01-17;Manny;Wilmar;Carnilian;Couzens
2052;F;1978-11-07;Genevra;Evangelin;Laying;Limon
3088;M;2001-10-16;Siegfried;Konstantin;Gristock;Heggs
3671;M;1999-01-15;Maurice;Traver;Yankov;Boast
2578;F;1992-02-15;Leandra;Deina;Blaw;Couth
3114;M;1998-01-09;Emory;Archibald;Fabb;Illingworth
2179;F;1994-05-02;Marlena;Florance;Keward;Laingmaid
3893;M;2002-06-02;Trever;Reagan;Montes;Gadsden
3765;M;1972-05-02;Alfred;Care;Millwater;Fruchon
3306;M;1997-06-08;Roldan;Cirstoforo;Haster;Yandle
3259;M;1997-05-02;Rudy;Shaughn;Plaunch;Stothart
2308;F;1982-11-26;Genna;Alexia;Mueller;Heazel
3805;M;1971-10-15;Salomone;Orton;Coveley;Stienham
2383;F;1979-10-21;Dion;Dana;Katte;Byrd
2444;F;1975-01-04;Donny;Delia;McAreavey;Jannequin
3944;M;2001-03-28;Marlo;Clarance;Galway;Randerson
2699;F;1977-03-30;Tilda;Chandal;Sommerland;Collymore
2791;F;1988-10-05;Thalia;Renee;Tattersfield;Heggs
3228;M;2002-05-13;Ollie;Nicol;Arsmith;Farnill
2278;F;1996-05-28;Quentin;Shanda;Danielczyk;Lippard
3866;M;1974-01-30;Leonard;Salvatore;Abrashkin;Mateiko
3736;M;1983-06-09;Burnard;Eugenio;Schieferstein;Gann
2361;F;2004-12-02;Kippie;Aurelie;Vasyuchov;Marval
3995;M;1985-02-09;Morie;Sascha;Breach;Sawney
2112;F;1973-02-07;Brigid;Rheba;Berkowitz;Pranger
3511;M;1971-10-08;Vinnie;Haily;Kuhnwald;Youens
3185;M;1998-10-22;Ransell;Derrik;Forsdike;MacCracken
2968;F;2003-06-08;Kip;Bobbee;Ponton;Eixenberger
3904;M;1993-10-08;Dagny;Yehudi;Burrell;Romer
2202;F;2000-06-13;Stacie;Issie;Brothers;Hickisson
2484;F;1989-10-23;Kerrie;Bridie;Fearn;Barkas
2820;F;1980-11-24;Eleonora;Becki;Frane;Kornacki
2105;F;1990-08-25;Wandis;Josepha;O' Markey;Soppit
2045;F;1990-01-09;Justina;Naomi;Crooks;Doughartie
2446;F;1981-11-18;Emalee;Morna;Torra;Calway
2629;F;1997-07-28;Lelia;Neila;Gronaver;Carey
3623;M;1985-07-26;Russ;Augusto;De Rye Barrett;Comfort
3820;M;2004-06-14;Saunder;Bud;Rimington;Jouannot
2516;F;2005-03-02;Orsola;Frances;Riches;Garritley
3952;M;1975-06-16;Cody;Jermain;Matterdace;Speere
2462;F;1995-04-23;Dacy;Roby;Roelofsen;Karlicek
2771;F;1971-03-06;Dena;Angeline;Zoppo;Stearndale
2861;F;1978-10-04;Vere;Georgia;Lobb;Gorman
3073;M;1979-11-20;Redford;Joshuah;Stratford;Collymore
3798;M;1985-09-22;Gaile;Abram;Rathjen;Clarey
2218;F;2003-12-07;Paula;Concordia;Treadwell;Stokell
3967;M;1982-04-29;Wiley;Cordie;Kinder;Albarez
2150;F;1989-05-12;Mariana;Jacquie;Valance;Gercken
3879;M;1992-02-13;Brendin;Michal;Matresse;Keelinge
2911;F;1980-08-01;Josi;Karla;O' Flaherty;Betham
3161;M;1994-03-29;Jeno;Karl;Arsmith;Siddall
2180;F;1983-11-10;Annette;Wren;Yushankin;Jeaycock
3637;M;1984-10-25;Sloan;Barth;Castellone;Valentinetti
2560;F;2004-06-19;Oriana;Thomasin;Thursby;Callery
3802;M;1994-07-13;Der;Norman;Hedgeley;Mathou
3011;M;1980-04-18;Matthew;Riobard;Darington;Timmermann
3535;M;1978-11-10;Samson;Hayden;Rawstron;Bucklee
2115;F;1977-10-31;Bobbee;Valma;Vignaux;Buterton
3261;M;1987-04-15;Gregoire;Balduin;Pyvis;Celli
2590;F;1987-01-16;Sheelagh;Viviyan;Durning;Petters
2703;F;1971-11-20;Eustacia;Leland;Dautry;Faithorn
2680;F;1970-09-16;Kailey;Klarika;Cregeen;Caunt
2395;F;1978-03-25;Brynn;Natala;Gilkes;Petyakov
2109;F;1979-05-21;Jacquenette;Margareta;Downe;Dalrymple
2611;F;1970-09-01;Luz;Aubree;Gotliffe;Crosthwaite
3861;M;1992-11-20;Brice;Tiler;Aguirrezabala;Custance
3214;M;2000-09-21;Baxter;Lanie;Goggey;Phoenix
2735;F;2004-10-29;Codi;Odele;Salasar;Jenner
3510;M;1977-09-15;Shurlocke;Tonnie;Spere;Hulk
3168;M;1975-10-21;Guntar;Thurstan;Di Antonio;Gingle
3934;M;1996-03-11;Freemon;Pete;Papa;Gothrup
3601;M;1971-02-04;Odey;Fons;Nutkin;Duhig
3420;M;1999-11-13;Brewer;Coop;Woodard;Pietrzyk
2174;F;2001-05-28;Berte;Cristie;Lambdean;Grandham
3376;M;1997-05-15;Loren;Duffy;Splevings;Rotherham
2159;F;1974-12-01;Melisande;Mavra;Bellis;Dederick
3386;M;1990-11-07;Dorie;Keelby;Ismay;Helbeck
3534;M;2002-05-01;Patrizius;Lindy;Mattes;Barrell
2524;F;2001-05-01;Lissi;Karleen;Rosa;Vickery
2624;F;1993-01-09;Cherida;Charlena;Sergison;Gozzett
2979;F;1981-03-25;Jehanna;Delila;D'Agostino;Cotgrove
2247;F;1993-04-07;Kendra;Claudie;McAloren;Scroggins
2467;F;1996-01-15;Inessa;Rivi;Seden;Surridge
3106;M;1970-12-28;Harold;Cassie;Tuley;Troubridge
3224;M;1987-07-24;Darbee;Stanwood;Wozencraft;Kynder
3515;M;1995-01-07;Sullivan;Pinchas;Raiment;Yallop
2472;F;1985-01-06;Stacee;Nannette;Pering;Simkins
2540;F;1994-10-19;Ashia;Jany;De Beneditti;Jurczik
2562;F;1974-01-01;Corrine;Nady;Gartside;Bluett
2704;F;2001-08-03;Tamarra;Valentine;Ackeroyd;Weatherhill
3657;M;1996-12-13;Cortie;Kalle;Jehaes;Chippindall
2649;F;1984-09-10;Cam;Fayth;Luto;Hambers
2853;F;1980-06-27;Viv;Jessie;Gozzard;Bridger
3056;M;1985-08-20;Sterne;Silvester;Colquhoun;Ducket
2553;F;1984-09-26;Alisa;Selene;Wignall;Tabart
2058;F;1971-12-12;Letty;Lida;Leisk;McSporon
3111;M;2003-07-21;Dag;Huntlee;Gorvin;Thorogood
2351;F;2003-11-02;Genia;Natalie;Mackstead;Chestney
3655;M;1977-04-13;Fritz;Brannon;Borrel;Bauchop
2709;F;1982-06-28;Jorry;Karilynn;Eliyahu;Rainbow
2217;F;1990-12-08;Orelee;Glenn;Emanulsson;Braham
3949;M;2005-09-12;Berne;Gabi;Guys;Poulton
2005;F;1974-02-08;Lizzie;Andree;Rucklesse;Caven
2589;F;2004-06-26;Berri;Cassey;Thurner;MacRanald
3880;M;1985-09-18;Thedrick;Gerick;Zarfai;Hover
3739;M;1973-05-31;Crosby;Harrison;Leyden;Box
2664;F;2005-10-18;Evelina;Belva;Aliberti;Lazar
2331;F;1998-05-12;Fawne;Madonna;Ruskin;Smallridge
3717;M;1981-04-06;Cord;Geno;Harcourt;Teague
2121;F;1990-08-22;Sean;Teri;Greathead;Minnette
3221;M;2001-07-28;Robbert;Milty;Milland;Shepard
2184;F;1983-01-03;Ophelie;Faunie;Theodore;McGing
3367;M;1985-08-01;Cosimo;Ruy;Cussons;Cassell
3827;M;1992-08-29;Caldwell;Elvis;Arnke;Aykroyd
3464;M;1995-10-22;Germaine;Carey;Shilston;Fend
3146;M;1974-09-08;Lindsey;Greggory;Beauvais;Hindrich
2456;F;1991-08-25;Tallie;Latisha;Agg;McKeran
2777;F;1979-09-20;Corri;Kore;Enbury;Etter
2405;F;2003-08-18;Dehlia;Kiley;Menego;Lafranconi
3816;M;1992-02-02;Toddie;Gerome;Jersch;Briant
3452;M;1982-10-30;Edan;Judah;Chapelhow;Eschalotte
2802;F;1978-04-22;Jocelyne;Haley;Ealam;Brierly
3850;M;1999-11-06;Ricki;Lamond;Heliet;McCleary
2106;F;2000-06-25;Lucia;Henka;Myton;Jahnisch
2228;F;1989-11-17;Berny;Willow;McReynolds;Pitrelli
2671;F;1999-04-18;Agnes;Shelbi;Murrum;Skoof
3796;M;1997-07-08;Selby;Dallis;Kynton;Jaslem
3107;M;1972-11-28;Nataniel;Sanson;Strowther;Thorius
3938;M;1983-04-13;Ennis;Giacopo;Conerding;McGeever
2118;F;1993-04-07;Flora;Maible;Bumford;Diboll
2292;F;2005-01-18;Babette;Marna;Gircke;Meininger
3351;M;1997-08-12;Maurice;Sumner;Alflatt;Clowser
3996;M;1982-08-28;Bert;Denis;Morgans;MacSweeney
3426;M;1989-03-12;Mervin;Mauricio;Beattie;Bocken
2203;F;1971-02-28;Constancy;Abbie;Arlow;Ison
3922;M;1994-12-01;Adrien;Lambert;De Cleyne;Nixon
2636;F;1992-12-09;Blanch;Coretta;Victor;Southard
2047;F;1992-03-08;Wylma;Rahal;Larmett;Caherny
2368;F;1979-01-12;Ingeborg;Pier;O'Keevan;Archer
2009;F;1984-05-29;Darell;Malissa;Corry;Flavelle
3295;M;1978-01-21;Arthur;Keane;McFeat;Gold
2937;F;1982-06-06;Bette-ann;Hedy;Cronkshaw;Camier
2783;F;1986-11-24;Charla;Gisele;Mitcham;McGillicuddy
2385;F;1995-06-25;Doloritas;Lorettalorna;Cearley;McArt
3522;M;2005-10-22;Tommie;Shep;Michelle;Fackrell
2951;F;1985-11-14;Leeanne;Tanya;Domenici;Dislee
2465;F;1985-04-16;Margot;Audra;Fendley;Targe
3891;M;1999-10-28;Itch;Jaye;Hammerberger;Corinton
2792;F;1986-03-28;Norah;Amye;Merwe;Dobrowolny
2875;F;1986-08-25;Venus;Rowena;Charter;Bernardeschi
2860;F;1992-06-15;Edithe;Gracie;Trevaskiss;Melendez
3616;M;1999-05-03;Romain;Mose;Pyner;Antcliffe
3698;M;1993-08-04;Timotheus;Alix;Sadler;Janeway
3694;M;1982-07-08;Eberto;Westbrook;Dilloway;Gronowe
2772;F;1995-02-07;Koralle;Nina;Hazlegrove;Simonelli
3926;M;1978-03-25;Efren;Kirk;Keme;Edscer
2272;F;1989-03-17;Jemima;Morena;Ruste;Scamerdine
3256;M;1996-01-25;Hernando;Yale;Brunsen;Mates
2684;F;1996-04-18;Jenilee;Yoshiko;Rissom;Tomik
3321;M;1972-04-05;Richard;Avigdor;Minihan;Hehnke
2658;F;1994-01-13;Joice;Riki;Valencia;Gaffon
2755;F;1989-04-19;Jonell;Anissa;O' Mara;Acedo
2816;F;1972-12-09;Pamela;Anneliese;Perkin;Dollman
3869;M;1986-05-07;Lombard;Ab;Artingstall;De Mico
3311;M;1994-02-24;Farleigh;Gasper;Longmaid;Edsell
3324;M;1994-10-29;Emanuele;Rube;Quest;Sich
3763;M;1974-04-23;Cleon;Tome;Byllam;Quennell
3529;M;1974-12-25;Tedie;Rabi;Stoeck;Tyers
3786;M;1974-06-16;Ab;Sander;Southwell;Longea
2944;F;2001-02-01;Tuesday;Malory;Diboll;Rickaert
2142;F;1982-12-25;Jilli;Sheena;Rocco;Bridgement
3076;M;1988-02-13;Ave;Desmund;Ryder;Gilders
2687;F;2000-10-26;Daniella;Kath;Brampton;Ody
3722;M;2001-01-24;Boothe;Zacharia;Gantz;Hecks
3988;M;1994-03-08;Simeon;Padgett;Sneesby;Clatworthy
2138;F;1988-10-31;Irita;Celine;Larway;Penhaligon
2789;F;1970-05-12;Fanny;Dulsea;Isack;Crabb
2932;F;1980-06-28;Melita;Cordelia;Leinthall;Kehri
2406;F;1988-01-20;Kiersten;Francesca;Kenn;Dominichetti
2131;F;1983-09-09;Jeanne;Susette;Nicklin;Filewood
3217;M;1998-12-09;Samuele;Mitchel;Barnham;Jerrems
3718;M;1999-12-12;Ellary;Shanan;Allman;Van Velden
2154;F;1972-08-28;Melisande;Trisha;Baitman;Hateley
2869;F;1980-05-09;Nikkie;Blakeley;Braddock;Aickin
3331;M;1973-04-05;Erhard;Lesley;Backler;Selwyn
3237;M;1971-01-26;Iorgo;Cesaro;Ondricek;Tipper
3622;M;1981-08-11;Melvin;Selby;Ashpole;Long
2585;F;1977-01-06;Mimi;Dona;Durbin;Izakovitz
3933;M;1993-10-24;Nicolais;Bary;Meriel;Hudspith
2132;F;1990-09-28;Charleen;Priscilla;Remon;Berceros
3350;M;1992-02-09;Montague;Ezechiel;Sikora;Brackpool
2089;F;1997-03-28;Murielle;Callie;Brogini;Flescher
3266;M;1984-03-16;Vince;Erwin;Geydon;Blankett
2451;F;1982-12-21;Elana;Vin;Bowshire;Lambert-Ciorwyn
2823;F;1990-10-25;Nerta;Cal;Gendricke;Dunford
2663;F;1989-11-09;Paulina;Cindi;Haitlie;Vales
2398;F;2000-09-13;Lucky;Mureil;Welch;Groome
3025;M;2002-05-20;Derby;Simone;Ordish;McCumskay
2588;F;1993-05-19;Robinett;Iseabal;Lorey;Tarpey
3803;M;1994-07-31;Archibaldo;Pierson;Twohig;Laverock
3444;M;1996-12-08;Sampson;Abrahan;Croster;Manueli
3863;M;1986-09-07;Jasun;Homerus;Hatley;Grim
2984;F;1988-06-11;Danila;Carola;Setterthwait;Toderi
2281;F;1996-03-31;Lina;Pansy;Kabos;Waddy
2007;F;1973-04-27;Viv;Lola;Tacon;Densham
3566;M;1979-04-29;Erik;Jermaine;Collcott;Cowpe
3624;M;1972-04-21;Granger;Raul;Saile;Widger
2309;F;1990-04-01;Elfrida;Cosette;Bloy;Ormonde
3555;M;1982-10-16;Verne;Silvanus;Ewenson;Hum
3248;M;1978-10-17;Creigh;Hardy;Booley;Bodsworth
2311;F;1970-02-07;Bree;Jaquith;Clarabut;De Lisle
3165;M;1993-06-28;Cirillo;Lowell;Rubbens;Feetham
3773;M;2000-11-27;Ave;Den;Tallboy;Towse
2418;F;2003-12-09;Celina;Laurene;Loveday;McHugh
3404;M;2003-09-14;Lutero;Kain;Scourgie;Hennemann
3293;M;1994-05-16;Cortie;Angie;Westwell;Woolen
2800;F;1974-02-26;Ronny;Nora;Fordham;Gush
3199;M;1981-10-04;Englebert;Patrice;Shurmer;Cook
2815;F;1991-03-25;Ginnie;Dasya;Bisp;Dineges
3519;M;1988-06-14;Ford;Osborne;MacDearmont;Chopy
2409;F;1990-06-11;Ruthie;Demetris;Headland;Shatliffe
2969;F;2002-08-15;Cinnamon;Cassondra;Attenborrow;Dulanty
2114;F;2005-01-02;Marie;Shannen;Wybern;Rolland
3909;M;2004-12-07;Alic;Hillard;Cromblehome;Duckerin
2257;F;1986-07-16;Goldy;Kelcie;Chardin;Blakelock
2155;F;1981-07-21;Saidee;Harley;Lean;Kondratenya
3164;M;1986-09-25;Coop;Ky;Fann;Shirlaw
2650;F;1991-12-06;Marina;Timmie;Elliss;Pitts
2334;F;1980-05-30;Margret;Darrelle;Baccup;McKleod
2513;F;1973-08-05;Felecia;Jillana;Quare;Newall
3433;M;1974-04-14;Erny;Joshia;Flegg;Brabant
2690;F;1998-02-14;Jaymee;Robin;Killwick;Pedel
3220;M;1978-04-07;Lamont;Emmet;Geffen;Parrott
2910;F;2001-11-19;Carmine;Gretchen;Toffoletto;Coldicott
3239;M;1980-09-02;Cort;Hewe;MacCathay;Martinho
2858;F;1991-02-08;Cyndi;Catlin;Danbury;Shawe
2434;F;1986-01-07;Kordula;Stephenie;Boar;Andries
2041;F;1988-09-04;Doralyn;Ermengarde;Locket;Salzberg
2473;F;1970-12-23;Lynn;Berte;Rhule;Ible
3112;M;2000-05-26;Aksel;Bartholomew;Ksandra;Lemmer
2253;F;1979-09-26;Micki;Hana;Behne;Postlewhite
2265;F;1979-03-17;Brook;Ferdinanda;Hyde-Chambers;Hearst
3883;M;1974-08-22;Nolan;Inglebert;Stirrip;Winmill
2620;F;2000-07-10;Valry;Franni;Petrecz;Donisi
3457;M;2000-03-02;Rossy;Jourdain;Catherick;Ivanenkov
2569;F;1975-07-02;Elise;Brina;Tomkin;Walczak
3113;M;1991-02-10;Phip;Chevy;Parades;Servis
2888;F;1972-08-05;Hedwiga;Abby;Larkings;Winman
2488;F;1972-12-06;Jeni;Lexie;Brabon;Officer
2696;F;2000-04-07;Sonny;Ariel;Figliovanni;Paddell
2103;F;1987-09-14;Milissent;Joyann;Bullan;Digges
2295;F;1971-01-17;Nelli;Gabbey;Malicki;Tripp
2166;F;1972-02-07;Jacqui;Aaren;Paxforde;Romaines
2500;F;1992-03-28;Virgina;Ashley;Eustis;Franzotto
2422;F;1996-01-23;Nike;Linnell;Renish;Goffe
3303;M;1992-06-04;Shelley;Caz;Ditchburn;Chitty
3028;M;2003-12-29;Nicol;Caleb;Reicherz;Iohananof
3096;M;1987-08-29;Clarke;Gayle;Sich;Breukelman
3133;M;1993-06-06;York;Gonzalo;Biss;Gauge
2388;F;1994-06-10;Shannah;Inessa;Tenbrug;Meace
2515;F;1972-06-08;Sabra;Cherey;Davio;Jendricke
2895;F;1980-01-22;Avivah;Margarete;Westrey;Alliott
3905;M;1986-10-11;Wolfy;Spenser;Stonner;Ferrierio
3526;M;2001-11-21;Lew;Gonzalo;Halse;Halso
3851;M;1981-01-28;Kent;Lionello;Baldery;Smorfit
2955;F;1993-02-11;Klara;Lavena;Duhig;Detoc
2596;F;1992-02-09;Carmelia;Patsy;Sancto;Ince
3365;M;1975-06-02;Jeth;Gauthier;Garside;Dilworth
3274;M;1995-02-08;Darn;Keefe;Kernermann;Muir
2390;F;1986-10-25;Aprilette;Merilee;Fawcus;Vescovini
3400;M;1971-11-26;Flint;Iorgos;Ochterlonie;Pennicott
3496;M;1980-11-02;Caspar;Alonzo;Gumery;Dosdell
2335;F;1986-12-14;Violet;Susy;Pooke;Nissle
2656;F;2004-01-26;Starr;Kassey;Ryall;Demelt
2344;F;1978-07-18;Lira;Evangelia;Henmarsh;Massen
2618;F;1976-01-29;Dorie;Christye;Janowski;Wait
2200;F;1994-03-07;Maud;Chanda;Iseton;Segoe
3972;M;1988-11-04;Harbert;Spense;Witherdon;Ciobutaro
3344;M;1976-10-07;Rees;Eugen;Trowbridge;Frossell
3538;M;1975-05-21;Beau;Miner;Dumbreck;Tregidgo
2763;F;1973-11-05;Judith;Terri-jo;Zamorano;Southcott
3243;M;1997-08-14;Payton;Bradley;Kennion;Backsal
3771;M;1995-04-07;Arny;Bartlett;Elwell;Signori
2850;F;2002-03-26;Marga;Merrili;O'Glessane;Bussel
2299;F;2004-05-12;Tatiania;Ceil;Rotherforth;Osbourne
2371;F;1993-05-03;Meghan;Stace;Rignall;Rainey
2812;F;1976-04-05;Rosita;Shalne;Huton;Petticrew
3270;M;1976-12-18;Lewiss;Rurik;Hargerie;Breheny
2784;F;1989-02-16;Genvieve;Ulrica;Guinness;Chantler
3453;M;1982-07-27;Whit;Emerson;Joseff;Jurczik
3723;M;1972-03-22;Britt;Norry;Garrie;Hulse
3892;M;2000-02-03;Vittorio;Earvin;Milliken;Haldenby
3787;M;1981-03-30;West;Jerri;Malloch;Cancellor
3307;M;1999-12-13;Fonsie;Steffen;Stode;Precious
3913;M;2004-11-11;Donn;Dennison;Hevey;Billsberry
3727;M;1974-05-31;Davidde;Garik;Menauteau;Leadbeatter
2557;F;2000-02-09;Augustine;Andee;Margram;Westoff
2286;F;1985-05-02;Leigh;Cathyleen;Dexter;Pigeram
3945;M;1978-09-15;Wayland;Irvin;Fitzharris;Brisker
2077;F;1971-09-13;Hallie;Florrie;Alfonsetto;Benson
3479;M;1974-10-24;Palm;Demott;de'-Ancy Willis;Bozward
2947;F;1995-09-08;Joyce;Marcille;Veronique;Bruntjen
3782;M;1974-01-12;Caspar;Kevin;Fairclough;Odell
3378;M;1996-04-12;Adrien;Benny;Simenot;Loffel
3846;M;1992-12-01;Bowie;Gordy;Rookledge;Mountcastle
2492;F;1994-06-22;Sharl;Denni;Colborn;Phillipp
2564;F;2001-10-03;Golda;Mirella;Garie;Fetteplace
2958;F;2004-07-21;Daphne;Estella;Jenicke;Dameisele
2862;F;1990-06-23;Alethea;Jacinthe;Kloss;Kynder
3145;M;1972-11-02;Cull;Hubie;Souster;Kewley
3411;M;1976-01-30;Aluino;Davy;Milington;Barczynski
2603;F;2000-03-27;Sosanna;Lucille;Priest;Lloyd-Williams
2483;F;1981-12-20;Perrine;Caritta;Daffey;Heavy
3677;M;2002-03-28;Quintin;Damiano;Levick;Ysson
3847;M;1982-01-03;Issiah;Matteo;Syvret;Chaters
3749;M;1979-01-24;Morry;Che;Northedge;Guirardin
3565;M;1999-06-07;Wylie;Edan;Peace;Ferrino
3636;M;2003-01-24;Gustave;Penrod;Clashe;Warrier
3087;M;1970-12-21;Darrin;Stanley;Besantie;Zanini
3038;M;1990-07-27;Pascale;Fonsie;Mellmoth;Dible
2577;F;1991-04-03;Tiffanie;Maribeth;Barras;Giddy
3090;M;2005-12-05;Kermie;Rochester;Gunning;Batrip
3928;M;1994-01-15;Beck;Ennis;Jepps;Ferrari
3094;M;1977-05-29;Claiborne;Hugo;Baudy;Poore
3398;M;1985-10-15;Nestor;Tiler;Giercke;Aubry
3284;M;1977-01-27;Glynn;Dale;Delgua;Kezar
2176;F;1984-06-16;Terry;Koressa;Gilardoni;Piechnik
3573;M;1987-01-18;Lorry;Ker;Suffe;Rothermel